34098736,ADENIJI O
36371982,ADENIJI O
35320541,ADENIJI O
36728420,ADENIJI O
34869028,ADENIJI O
33879594,ADENIJI O
32755584,ADENIJI O
34762717,ADENIJI O
34604818,ADENIJI O
36405776,AGRAWAL P,GRAY M,STAMATATOS L
33053332,AGRAWAL P,PANCERA M,GRAY M,STAMATATOS L
36254955,AGRAWAL P
36824823,AGRAWAL P
31778877,AGRAWAL P
34062119,MCELRATH J,ANDERSEN-NISSEN E,FLEMING L
35758878,HURAL J,COREY L,RANDHAWA A,GILBERT P,DINTWE O,JANES H,DE R,GRAY G,HUANG Y,KUBLIN J,ANDERSEN-NISSEN E
36240834,KUBLIN J,ANDERSEN-NISSEN E,GRAY G,FIORE-GARTLAND A
37205594,ANDERSEN-NISSEN E
35866359,HURAL J,DINTWE O,DE R,HUANG Y,ANDERSEN-NISSEN E
35353885,HURAL J,COREY L,TAPLEY A,FISHER L,RANDHAWA A,ANDRIESEN J,GRAY G,HUANG Y
33720973,FIORE-GARTLAND A,GILBERT P,GRAY G,HUANG Y,KUBLIN J,ANDERSEN-NISSEN E,FLEMING L
31989802,DE R,ANDERSEN-NISSEN E,DINTWE O
31900486,COREY L,DINTWE O,DECAMP A,KUBLIN J,ANDERSEN-NISSEN E
32382714,FIORE-GARTLAND A,RANDHAWA A,DINTWE O,DE R,KUBLIN J,ANDERSEN-NISSEN E
32442195,GILBERT P,DINTWE O,DECAMP A,GRAY G,KUBLIN J,ANDERSEN-NISSEN E
33378609,COREY L,GILBERT P,JANES H
34551225,COREY L,GILBERT P,JANES H
35043118,COREY L,TAPLEY A,FISHER L,RANDHAWA A,ANDRIESEN J,GRAY G
32995827,JEROME K,ROYCHOUDHURY P,RANDHAWA A,ANDRIESEN J
33637820,JEROME K,ROYCHOUDHURY P,RANDHAWA A,ANDRIESEN J
36689221,COREY L,GILBERT P,ANDRIESEN J,JANES H,GRAY G,HUANG Y,KUBLIN J
37289667,HURAL J,MCELRATH J,HUANG Y,ANDRIESEN J
36250382,COREY L,GRAY G,ANDRIESEN J
34380464,ANDRIESEN J
32383728,COREY L,FISHER L,RANDHAWA A,ANDRIESEN J,LI S,JEROME K
37440227,COREY L,GILBERT P,JANES H,GRAY G,HUANG Y,KUBLIN J
34452338,MCELRATH J,ASTRONOMO R,HLADIK F
34166231,HURAL J,LEMOS M,HUANG Y,ASTRONOMO R,FLEMING L
37165032,JEROME K,STONE D,AUBERT M
33473359,COREY L,AUBERT M,EICHHOLZ K,ROYCHOUDHURY P,JEROME K,STONE D
32811834,JEROME K,AUBERT M,ROYCHOUDHURY P,STONE D
37199630,JEROME K,STONE D,ROYCHOUDHURY P,AUBERT M
37074875,AUBERT M,ROYCHOUDHURY P,JEROME K,STONE D,KIEM H
32998579,JEROME K,STONE D,AUBERT M,KIEM H
36108049,JOHNSON A
35998195,BEDFORD T
33948594,BEDFORD T
34347959,COREY L,BEDFORD T
32913002,ROYCHOUDHURY P,HUDDLESTON J,BEDFORD T,LUND J,JEROME K
32528156,BEDFORD T
36596565,HUGHES J,ROYCHOUDHURY P,BEDFORD T
34286830,MCCULLOCH D,BEDFORD T
32511596,ROYCHOUDHURY P,HUDDLESTON J,BEDFORD T,LUND J,JEROME K
36894662,BEDFORD T
36068236,BEDFORD T,LUND J,HUGHES J,BOECKH M,CASTO A
35859071,BEDFORD T
32931328,BEDFORD T,LUND J,HUGHES J,MCCULLOCH D,BOECKH M
33197930,BEDFORD T,LUND J,HUGHES J,MCCULLOCH D,BOECKH M
35364015,HUDDLESTON J,BEDFORD T
32508375,BEDFORD T
33836685,MCCULLOCH D,BEDFORD T,LUND J
32511368,MCCULLOCH D,BEDFORD T
34189395,HUDDLESTON J,BEDFORD T
32513865,JEROME K,ROYCHOUDHURY P,BEDFORD T
34189396,HUDDLESTON J,BEDFORD T
34545361,HUDDLESTON J,BEDFORD T
32069282,BEDFORD T
37035035,HUDDLESTON J,BEDFORD T
32356944,BEDFORD T,LUND J,HUGHES J,MCCULLOCH D,BOECKH M
34670646,BEDFORD T
33749787,HUDDLESTON J,BEDFORD T
36561171,ROYCHOUDHURY P,BEDFORD T
36103315,BEDFORD T
34108654,BEDFORD T
34424945,BEDFORD T
33941621,ROYCHOUDHURY P,BEDFORD T,LUND J,JEROME K,BOECKH M
33939275,BEDFORD T,LUND J,HUGHES J,MCCULLOCH D,BOECKH M
37273682,BEDFORD T
33463525,BEDFORD T
34805425,HUGHES J,CASTO A,BEDFORD T
33789012,BEDFORD T
34428777,BEDFORD T,HUANG Y
35191852,BEDFORD T
35169816,BOECKH M,BEDFORD T,LUND J
33024981,ROYCHOUDHURY P,BEDFORD T,LUND J,JEROME K,BOECKH M
33563599,BEDFORD T,LUND J,MCCULLOCH D,BOECKH M,CASTO A
33871357,BEDFORD T
33211775,BEDFORD T
33655278,BEDFORD T,HUANG Y
31951644,LI L,BEDFORD T
34729567,ROYCHOUDHURY P,BEDFORD T
32876050,HUDDLESTON J,BEDFORD T
32497028,BOECKH M,BEDFORD T,LUND J
33846610,BEDFORD T
34115094,HUGHES J,BOECKH M,BEDFORD T,LUND J
35412591,ROYCHOUDHURY P,BEDFORD T
33370399,BEDFORD T
36484987,BEDFORD T,WAGHMARE A,LUND J
32511579,JEROME K,ROYCHOUDHURY P,BEDFORD T
32875494,MCCULLOCH D,BEDFORD T
34170525,JEROME K,ROYCHOUDHURY P,BEDFORD T
33033018,BOECKH M,BEDFORD T,LUND J
37018493,DONNELL D
34933447,SCHIFFER J
34953521,SHAPIRO A
35503767,DUERR A,JANES H
35687815,PINTO-SANTINI D,DUERR A
36483014,HLADIK F,DASGUPTA S,DUERR A
33722335,BOECKH M
37461626,PINTO-SANTINI D,HLADIK F,DUERR A,EDLEFSEN P
35611350,PINTO-SANTINI D,DASGUPTA S,DUERR A
35796731,SHAPIRO A
33106815,BOECKH M
34629415,DASGUPTA S,DUERR A
35364600,SHAPIRO A
35544209,PINTO-SANTINI D,DASGUPTA S,DUERR A
34704092,SHAPIRO A
33105471,REEVES D
32416070,BLANCO-MELO D
33941899,BLANCO-MELO D
36700653,BLANCO-MELO D,LUND J
37268008,BLANCO-MELO D
36700640,BLANCO-MELO D,LUND J
36700642,BLANCO-MELO D,LUND J
36943134,BLANCO-MELO D
34523966,BLANCO-MELO D
33568513,BLANCO-MELO D
33577760,BLANCO-MELO D
37311033,BLANCO-MELO D
34350829,BLANCO-MELO D
32134486,BOECKH M
33115722,BOECKH M
36493341,BOECKH M
34587383,LI S
36240285,BOECKH M,ZAMORA D
35700730,BOECKH M
33657225,SCHIFFER J,DUKE E,DE R,JEROME K,BOECKH M,ZAMORA D
32202631,BOECKH M
36693927,JEROME K,BOECKH M,ZAMORA D
36326680,COREY L,LIU C,FORD E,ROYCHOUDHURY P,BOECKH M,SHAPIRO A
32286644,BOECKH M
34452721,BOECKH M
35849517,BOONYARATANAKORNKIT J,BOECKH M,WAGHMARE A
33830021,BOECKH M
36005759,JEROME K,ROYCHOUDHURY P,BOECKH M,HILL J
31800049,PERGAM S,BOECKH M,LIU C,HILL J
34937879,BOECKH M,LUND J
35447514,JEROME K,BOECKH M,WAGHMARE A,LUND J
33831132,BOECKH M,LUND J
32710762,SCHIFFER J,DUKE E,HLADIK F,WAGHMARE A,JEROME K,BOECKH M,REEVES D
36856712,BOECKH M
36790925,LIU C,HILL J,BOECKH M,PERGAM S,FREDRICKS D
37269371,BOECKH M,LUND J
32736007,PERGAM S,BOECKH M,WAGHMARE A
32970635,SCHIFFER J,COREY L,DUKE E,GILBERT P,JEROME K,BOECKH M
32663845,JEROME K,BOECKH M,HILL J
35091746,BOECKH M,CASTO A,LUND J
35173288,JEROME K,BOECKH M,WAGHMARE A,LUND J
34269803,BOECKH M,CASTO A
34402885,PERGAM S,ZAMORA D,BOECKH M,HILL J
36425923,BOONYARATANAKORNKIT J,BOECKH M,WAGHMARE A
32511581,SCHIFFER J,DUKE E,HLADIK F,WAGHMARE A,JEROME K,BOECKH M,REEVES D
34835098,SCHIFFER J,DUKE E,BOECKH M
32772105,JEROME K,BOECKH M,WAGHMARE A,LUND J
36103987,PERGAM S,BOECKH M,WAGHMARE A
33914708,HILL J,DASGUPTA S,TAYLOR J,BOONYARATANAKORNKIT J,BOECKH M
35446933,WAGHMARE A,LUND J,JEROME K,PERGAM S,BOECKH M
37346095,ROYCHOUDHURY P,LUND J,HUGHES J,MCCULLOCH D,BOECKH M
35105810,PRLIC M,BOECKH M
34609969,BOECKH M
34214163,RICHARDSON B,BOECKH M
32227211,BOECKH M,HILL J
32074279,DUKE E,HILL J,JEROME K,PERGAM S,BOECKH M
32076716,BOECKH M,HILL J
36853602,BOONYARATANAKORNKIT J,BOECKH M,WAGHMARE A
33792629,JEROME K,BOECKH M,WAGHMARE A,LUND J
31678540,JEROME K,BOECKH M,HILL J
37424310,HUGHES J,BOECKH M,LUND J
35764288,BOECKH M,HILL J
36273782,PERGAM S,BOECKH M,WAGHMARE A,HILL J
36595478,BOECKH M,ZAMORA D
37214809,JEROME K,BOECKH M,WAGHMARE A
37486790,JEROME K,BOECKH M,WAGHMARE A
36509892,PERGAM S,BOECKH M,LIU C,HILL J
33781516,BOECKH M
33781975,BOECKH M
36064752,LIU C,WAGHMARE A,BOECKH M,LUND J,JEROME K,PERGAM S,FREDRICKS D
33159200,BOECKH M,DASGUPTA S
34863618,HUGHES J,BOECKH M,LUND J
36494016,LUND J,DUKE E,BOECKH M,HILL J
35288345,BOECKH M,DASGUPTA S,HILL J
34111575,JEROME K,BOECKH M,HILL J
32150265,PERGAM S,BOECKH M,HILL J
31958813,PERGAM S,BOECKH M
31734696,JEROME K,BOECKH M,ZAMORA D
33569576,BOECKH M
36781872,BOONYARATANAKORNKIT J,TAYLOR J,PANCERA M,GRAY M
35411021,SHOLUKH A,PANCERA M,MCGUIRE A,HURLBURT N,STAMATATOS L,BOONYARATANAKORNKIT J
33876699,TAYLOR J,BOONYARATANAKORNKIT J,PANCERA M,MCGUIRE A
36883850,BOONYARATANAKORNKIT J,GRAY M,TAYLOR J
36748802,BOONYARATANAKORNKIT J,HILL J
36094846,BOONYARATANAKORNKIT J,HILL J
34696505,SHOLUKH A,COREY L,GRAY M,FORD E,TAYLOR J,BOONYARATANAKORNKIT J
34013294,HILL J,BOONYARATANAKORNKIT J,TAYLOR J,PERGAM S
35439166,BOONYARATANAKORNKIT J,WALD A
33320842,ZAMORA D,JEROME K,BOONYARATANAKORNKIT J,WALD A,SHAPIRO A
34757794,SCHIFFER J,PRLIC M,BOONYARATANAKORNKIT J,LUND J
31882518,BOONYARATANAKORNKIT J,TAYLOR J
30423150,BOONYARATANAKORNKIT J,LUND J
33052361,ZAMORA D,JEROME K,BOONYARATANAKORNKIT J,WALD A,SHAPIRO A
34702753,HILL J,BOONYARATANAKORNKIT J,TAYLOR J,PERGAM S
33791723,BOONYARATANAKORNKIT J,WALD A
33619344,JEROME K,BOONYARATANAKORNKIT J,WALD A
34136343,BOONYARATANAKORNKIT J
33791720,SCHIFFER J,PRLIC M,BOONYARATANAKORNKIT J,LUND J
31541573,PERGAM S,HILL J,WAGHMARE A,JEROME K,BOONYARATANAKORNKIT J,BOECKH M
35157053,JOHNSTON C,BROWN E,BOONYARATANAKORNKIT J,WALD A
35081293,JOHNSTON C,BROWN E,DOMINGUEZ I,POSAVAD C
35798000,JOHNSTON C,BROWN E,POSAVAD C
35693874,BROWN E,DONNELL D
35029629,BROWN E
33090877,BROWN E,COREY L,DONNELL D,FONG Y,GILBERT P,JANES H,JURASKA M,HUANG Y,HYRIEN O
34579786,BROWN E,DONNELL D
33284679,JEROME K,JOHNSTON C,BROWN E,WALD A
34081073,BROWN E
35493113,KUBLIN J,BROWN E,JANES H
35310216,BROWN E
37433788,DOMINGUEZ I,BROWN E,JOHNSTON C,POSAVAD C
34671773,JOHNSTON C,BROWN E,POSAVAD C
33536223,BROWN E,MATRAJT L
32817963,BROWN E,MATRAJT L
34117592,BROWN E
35152299,JEROME K,JOHNSTON C,BROWN E,WALD A
36883907,BROWN E,GAO F,JANES H
34790985,BROWN E,MATRAJT L,DIMITROV D,JANES H
35945513,BROWN E,MATRAJT L,DIMITROV D,JANES H
33939034,BROWN E
32027230,BROWN E
36066762,BROWN E
37490631,BROWN E
34166484,BROWN E,LIU C,ROYCHOUDHURY P,JEROME K,PERGAM S
35940869,JEROME K,JOHNSTON C,BROWN E,WALD A
31764068,BROWN E
34159343,BROWN E
35150571,JEROME K,JOHNSTON C,BROWN E,WALD A
35604806,JOHNSTON C
37416758,BROWN E
34172672,BROWN E,HLADIK F
35344520,BROWN E
36938334,ZHU Y,BROWN E,JANES H
33713213,BROWN E
32505132,BROWN E
33461306,BROWN E
34141052,BROWN E
35006245,BROWN E,JOHNSTON C,ROYCHOUDHURY P,JEROME K,WALD A
36184755,BROWN E
35763413,BROWN E
34141053,BROWN E
33681731,SCHIFFER J,BROWN E,JOHNSTON C,JEROME K,WALD A
33539762,BROWN E
31809308,BROWN E
33206462,BROWN E
34802773,FREDRICKS D,CASTO A,HILL J
35393464,JEROME K,ROYCHOUDHURY P,CASTO A
36150508,HUGHES J,ROYCHOUDHURY P,CASTO A,LUND J
35749582,HUGHES J,ROYCHOUDHURY P,CASTO A,LUND J
31016321,JOHNSTON C,CASTO A,ROYCHOUDHURY P,JEROME K,WALD A
35996440,HUGHES J,ROYCHOUDHURY P,CASTO A,LUND J
33535236,CASTO A
32781734,JEROME K,JOHNSTON C,WALD A,CASTO A
36610058,HUGHES J,CASTO A,LUND J
32111931,JEROME K,CASTO A
37451722,CASTO A,LUND J
32269100,JEROME K,CASTO A
32511464,JEROME K,CASTO A
34936652,ROYCHOUDHURY P,CASTO A
31970398,CASTO A
32272077,COHN L
37443365,SCHIFFER J,COHN L,REEVES D
33112933,COHN L,LI S,FORD E
36070690,COHN L
34636876,COHN L
32338639,COHN L
32311008,COHN L
35680135,COOPER R
33627334,MOORE M
33941528,COOPER R
35882855,COOPER R,HOU J
33950164,COOPER R,HOU J
36758937,COOPER R
33542093,COOPER R
36447810,COOPER R
31919186,COOPER R
32537779,COOPER R
37359986,COOPER R
34626445,COOPER R
36623865,COOPER R
35785506,COOPER R
36723285,COOPER R
34201891,AUBERT M,COOPER R
36325967,COOPER R
31617193,COOPER R
33969759,COOPER R
35620008,COOPER R
32106516,COOPER R
34165336,COOPER R
34007777,COOPER R
37017952,COOPER R
36438439,COOPER R
32690937,COOPER R
34394945,COOPER R
36654932,COOPER R
32204653,COOPER R
35198157,COOPER R
36795940,COOPER R
33026607,COOPER R
36427550,COOPER R
33446583,COOPER R
37359423,COOPER R
35294258,D'AMICO L,FLING S,RAMCHURREN N
34950900,D'AMICO L,CHURCH C,FLING S,RAMCHURREN N
35121932,D'AMICO L,FLING S,RAMCHURREN N
34452927,D'AMICO L,FLING S,RAMCHURREN N
34763161,HUGHES J,MOORE M,DASGUPTA S,DIMITROV D
32698705,DASGUPTA S
32921837,DASGUPTA S,HUANG Y
34877933,DASGUPTA S
31631216,DASGUPTA S,HUANG Y
35044990,DASGUPTA S,DUERR A
37051619,DASGUPTA S,DUERR A
34424782,DASGUPTA S,DUERR A
35178526,DASGUPTA S,DUERR A
36779502,DASGUPTA S,DUERR A
31300977,DASGUPTA S,DUERR A
37456587,DASGUPTA S
34841369,PINTO-SANTINI D,DASGUPTA S,DUERR A
36454825,DECAMP A,FLEMING L
33730454,HURAL J,COREY L,DONNELL D,GILBERT P,RANDHAWA A,DECAMP A,GRAY G,JURASKA M,HUANG Y,KUBLIN J
35995954,HURAL J,COREY L,GIORGI E,GILBERT P,MAYER B,DECAMP A,JURASKA M,HUANG Y,REEVES D,EDLEFSEN P
36993183,DECAMP A,HYRIEN O,FLEMING L,MCELRATH J
37398105,COREY L,GILBERT P,DECAMP A,ROYCHOUDHURY P,GRAY G,JURASKA M,LI L,HYRIEN O
35385469,SCHIFFER J,GILBERT P,MAYER B,DECAMP A,HUANG Y,REEVES D
37300931,HURAL J,COREY L,GIORGI E,RANDHAWA A,GILBERT P,DECAMP A,JURASKA M,HUANG Y,EDLEFSEN P
34730393,DECAMP A,FISHER L
37384759,HURAL J,COREY L,GIORGI E,GILBERT P,DECAMP A,HUANG Y
34213402,COREY L,RANDHAWA A,GILBERT P,DECAMP A,JURASKA M,HUANG Y
37224227,FIORE-GARTLAND A,DE R,DECAMP A,HYRIEN O,FLEMING L
33493795,COREY L,RANDHAWA A,GILBERT P,DECAMP A,JURASKA M,HUANG Y
33587505,HURAL J,DECAMP A,COREY L,GILBERT P
34621054,DECAMP A,GIORGI E,MAYER B
34212134,DECAMP A
32873644,DECAMP A
34250512,DE R,LEMOS M
33440088,DE R
33766944,DE R,MCGUIRE A,LEMOS M,STAMATATOS L
37296110,LI X,MACMILLAN H,DE R,NEWELL E,LEMOS M,FLEMING L
35060479,DE R
34075380,LI X,MACMILLAN H,DE R,NEWELL E,LEMOS M
33758873,DE R,MCGUIRE A,LEMOS M,STAMATATOS L
35547849,HURAL J,POSAVAD C
37195999,DE R,NEWELL E
36591224,DE R,NEWELL E
32437332,DE R,COREY L,HUANG Y
36787249,DE R,GIORGI E,GILBERT P,FIORE-GARTLAND A
36179551,DE R,RANDHAWA A,GRAY G,HUANG Y
35803696,DE R
35262071,DE R
36268023,DE R
33948610,DE R,LEMOS M
35108339,DE R
35035955,DE R,HUANG Y
36197845,DE R
35533496,DE R
31999736,COREY L,FIORE-GARTLAND A,FONG Y,GILBERT P,JANES H,DINTWE O,DE R,GRAY G,HUANG Y
34229888,DE R,PAEZ C,HUANG Y
35015777,DE R
33264614,DE R,LI S
36935288,DE R,LI S
36348617,KUBLIN J,DE R,COREY L
32415811,DE R
34714820,DE R
37152676,MATRAJT L,DIMITROV D
35307692,DIMITROV D
32987575,DIMITROV D
37214988,FORD E,MATRAJT L,DIMITROV D
34696352,SCHIFFER J,BROWN E,COREY L,GILBERT P,JANES H,DIMITROV D,MOORE M,GAO F,REEVES D
33469590,SCHIFFER J,MATRAJT L,DIMITROV D,JANES H
36929561,DIMITROV D
35001041,DUERR A,DIMITROV D
34103510,SCHIFFER J,MATRAJT L,DIMITROV D,JANES H
33899042,DIMITROV D,MOORE M,REEVES D,SCHIFFER J
36855845,DIMITROV D
34849635,HUGHES J,MOORE M,DIMITROV D,DONNELL D
34046763,DIMITROV D
36618897,HUGHES J,MOORE M,DIMITROV D,DONNELL D
35603374,SCHIFFER J,MATRAJT L,DIMITROV D,MOORE M,REEVES D
34307733,SCHIFFER J,DIMITROV D,MATRAJT L,JANES H
34697357,DIMITROV D
36776432,DUERR A,DIMITROV D
32391096,DIMITROV D
31486008,DIMITROV D
37392271,DIMITROV D
33136735,MOORE M,DIMITROV D,DONNELL D
33294745,SCHIFFER J,DIMITROV D,MOORE M,REEVES D
33617783,MOORE M,DIMITROV D
32141958,HUGHES J,DIMITROV D,DONNELL D
35967960,DIMITROV D
33136739,DIMITROV D,DONNELL D
31437276,HUGHES J,DIMITROV D,DONNELL D
33285419,HUGHES J,MOORE M,DIMITROV D,DONNELL D
32190856,DIMITROV D
34330945,SCHIFFER J,MATRAJT L,DONNELL D,JANES H,DIMITROV D,MOORE M,REEVES D
37439080,HANSCOM B,MOORE M,DIMITROV D,DONNELL D
33657058,DIMITROV D
33486605,DIMITROV D
35097484,DIMITROV D
34420446,DIMITROV D
36844011,HANSCOM B,MOORE M,DIMITROV D,DONNELL D
32384198,DIMITROV D
36642087,DIMITROV D
33173893,MOORE M,DIMITROV D
33610126,DINTWE O
34665672,DOMINGUEZ I
34118115,DOMINGUEZ I
34498980,BROWN E
35684031,DOMINGUEZ I
37043527,DOMINGUEZ I,BROWN E
34379922,HANSCOM B,DONNELL D
33740057,HANSCOM B,DONNELL D
30715403,DONNELL D
33527128,DONNELL D
36746170,DONNELL D
34454678,HANSCOM B,DONNELL D
37392020,WALLACE S,JANES H,DONNELL D
36550769,HUGHES J,GAO F,DUERR A,DONNELL D
33710023,DONNELL D
34910143,DONNELL D
36332654,SKALLAND T,DONNELL D
35393864,DONNELL D
35579012,DONNELL D
34911750,DONNELL D
35775502,DONNELL D
36053045,HUGHES J,HANSCOM B,DONNELL D
36524872,DONNELL D
34195685,LUND J
36447611,DONNELL D
36711739,SKALLAND T,EMEL L,DONNELL D,TAPSOBA J
35657948,DONNELL D
35818869,DONNELL D
35880999,HUGHES J,GAO F,DONNELL D
34919554,DONNELL D
31654322,DONNELL D
35417485,DONNELL D
32658130,DONNELL D
35822945,DONNELL D
32976203,DONNELL D
33336213,COREY L,DONNELL D,FONG Y,GILBERT P,JANES H,JURASKA M,HUANG Y,KUBLIN J,HYRIEN O
34897992,DONNELL D
33208512,DONNELL D
32396700,DONNELL D
33844575,COREY L,DONNELL D,FONG Y,GILBERT P,JANES H,JURASKA M,HUANG Y,KUBLIN J,HYRIEN O
36827440,DONNELL D
34798031,DONNELL D
36889914,DONNELL D
36727597,DONNELL D
34126052,DONNELL D
32072743,DONNELL D
35990584,MEISNER A
35710444,DONNELL D
34473700,DONNELL D
36332653,SKALLAND T,DONNELL D
36332652,SKALLAND T,DONNELL D
36087612,DONNELL D
37370143,DONNELL D
32773484,DONNELL D
37363917,COREY L,DONNELL D,HANSCOM B,GRAY G,HUGHES J,GAO F
37208687,DONNELL D
37270546,DONNELL D
33587510,HURAL J,COREY L,JURASKA M,DONNELL D
34164929,DONNELL D
33721566,DONNELL D
34143779,DONNELL D
33823907,DONNELL D
32991336,DONNELL D
32745296,DONNELL D
32105625,DONNELL D
35320704,PINTO-SANTINI D,DUERR A
33859204,RANDHAWA A,DUERR A,GILBERT P,LI S,GRAY G,HUANG Y
34011233,DUERR A
33148993,MONTANO M,DUERR A
34702087,VILLARAN M,DUERR A
31672026,DUERR A
36881439,DUERR A
32680773,COREY L,DUERR A,EDLEFSEN P
34897226,DUERR A
34617189,ANDRASIK M,DUERR A
36095005,DUERR A,TAPSOBA J
32951437,DUERR A,TAPSOBA J
31242753,MONTANO M,DUERR A
36631794,DUERR A
32107526,VILLARAN M,DUERR A
33186338,DUERR A
32134956,PINTO-SANTINI D,DUERR A
32153117,DUERR A
32306942,DUERR A,LANKOWSKI A
32728246,DUFF M
34028794,DUFF M
33402748,DUFF M
34095235,DUFF M
32658475,DUFF M
33715905,DUFF M
32246827,DUFF M
32580556,DUFF M
32423674,DUFF M
33287888,DUFF M,LI X
33269489,DUFF M
34159342,DUKE E
35667065,DUKE E
34941423,DUKE E
35779197,DUKE E
35634576,SCHIFFER J,DUKE E
36821766,SCHIFFER J,DUKE E,KIEM H
33432929,SCHIFFER J,DUKE E,MAYER B,KIEM H,REEVES D
34100024,DUKE E
36928836,DUKE E
32084132,SCHIFFER J,COREY L,DUKE E,GILBERT P,MAYER B,HUANG Y,REEVES D
35022711,DUKE E
36582473,SCHIFFER J,PRLIC M,DUKE E,REEVES D
33964516,SCHIFFER J,DUKE E,LIU C,HILL J,FORD E,PERGAM S,BOECKH M
34369454,DUKE E,LIU C,GULLEEN E,HILL J
34228762,DE R,EDLEFSEN P
33651828,DE R,BROWN E,GILBERT P,EDLEFSEN P
33290394,DE R,BROWN E,GILBERT P,EDLEFSEN P
36993415,EDLEFSEN P
34532060,DE R,GILBERT P,JANES H,EDLEFSEN P
37293702,EDLEFSEN P
35340357,EDLEFSEN P
33766849,DE R,EDLEFSEN P
33766941,DE R,EDLEFSEN P
35714200,DE R,EDLEFSEN P
35316218,RICHARDSON B,EDLEFSEN P
33477200,EDLEFSEN P
36847573,EDLEFSEN P
33630764,DE R,EDLEFSEN P
36377872,EDLEFSEN P
35982677,EDLEFSEN P
37383986,EDLEFSEN P
33784252,SHOLUKH A,COREY L,JOHNSTON C,FORD E,ZHU J,WALD A,EDLEFSEN P
33232376,EDLEFSEN P
37075079,EDLEFSEN P
32027734,REEVES D,EDLEFSEN P
35080426,EICHHOLZ K
34093588,EICHHOLZ K
34485613,COREY L,EICHHOLZ K,KIEM H
34155235,COREY L,EICHHOLZ K,ZHU J
34462503,COREY L,EICHHOLZ K,ZHU J
32988211,COREY L,EICHHOLZ K
35378077,HUGHES J,HANSCOM B
32669382,EMEL L
35939181,EMEL L
36651636,EMEL L
33181788,EMEL L
36626154,EMEL L,WALLACE S
33874900,EMEL L
32452970,EMEL L
34210573,GILBERT P,FIORE-GARTLAND A
33508224,FIORE-GARTLAND A
35675923,FIORE-GARTLAND A
34933765,FIORE-GARTLAND A
36087210,FIORE-GARTLAND A
36824851,KUBLIN J,MINOT S,FIORE-GARTLAND A,JOHNSON A
37091190,HYRIEN O,GILBERT P,FIORE-GARTLAND A
34288726,SHOLUKH A,COREY L,FIORE-GARTLAND A,FORD E,RANDHAWA A,STAMATATOS L,JEROME K,STRONG R
35432299,FIORE-GARTLAND A
33986749,STRONG R
35274090,FIORE-GARTLAND A
34520313,FIORE-GARTLAND A
36311720,KUBLIN J,FIORE-GARTLAND A,MINOT S,JOHNSON A
37056780,FIORE-GARTLAND A
35342900,FIORE-GARTLAND A
35183869,FIORE-GARTLAND A
34845983,FIORE-GARTLAND A
33398288,FIORE-GARTLAND A
36263073,SHOLUKH A,FORD E,WALD A,FIORE-GARTLAND A
34275199,FIORE-GARTLAND A
33330875,SHOLUKH A,COREY L,FIORE-GARTLAND A,FORD E,RANDHAWA A,STAMATATOS L,JEROME K,STRONG R
33679745,FIORE-GARTLAND A
35497063,FIORE-GARTLAND A
36851349,FIORE-GARTLAND A
34076482,FIORE-GARTLAND A
33862012,FIORE-GARTLAND A
33529681,FIORE-GARTLAND A
31645444,FIORE-GARTLAND A
33306991,FIORE-GARTLAND A
31797425,FISHER L
34871308,COREY L,FISHER L,RANDHAWA A,LI S,KUBLIN J,HYRIEN O
32051273,WALD A,HLADIK F,FREDRICKS D,FLEMING L
34795254,FLING S,RAMCHURREN N
35080914,FLING S
31532724,LI S,FLING S,RAMCHURREN N
33560388,FLING S,RAMCHURREN N
36046812,FLING S,RAMCHURREN N
37205196,FLING S,RAMCHURREN N
33879601,CHURCH C,FLING S,RAMCHURREN N
33188038,LI S,FLING S,RAMCHURREN N,CHURCH C
35952703,FONG Y
34910859,COREY L
34812653,COREY L,FONG Y,ANDRASIK M,GILBERT P,KUBLIN J
35253259,FONG Y,HUANG Y
34097580,FONG Y
36658109,COREY L,FONG Y,ANDRASIK M,RANDHAWA A,GILBERT P,HUANG Y,KUBLIN J
36507702,FONG Y,GILBERT P
37117886,FONG Y
36949083,COREY L,FONG Y,ANDRASIK M,RANDHAWA A,GILBERT P,HUANG Y,KUBLIN J
36692375,FONG Y,GILBERT P
35848843,FONG Y,GILBERT P
37330602,FONG Y,GILBERT P,JANES H
34924737,FONG Y
36357712,COREY L,FONG Y,ANDRASIK M,RANDHAWA A,GILBERT P,GRAY G,KUBLIN J,HYRIEN O
34401888,COREY L,FONG Y,ANDRASIK M,GILBERT P,KUBLIN J
36899062,COREY L,FONG Y,ANDRASIK M,RANDHAWA A,GILBERT P,JANES H,KUBLIN J
34809631,FONG Y
35441174,COREY L,FONG Y,ANDRASIK M,RANDHAWA A,GILBERT P,GRAY G,KUBLIN J,HYRIEN O
37075127,COREY L,FONG Y,ANDRASIK M,GILBERT P,JANES H,KUBLIN J
34732684,FONG Y
34962990,FONG Y,LI S
35771878,FONG Y
36655191,FONG Y,GILBERT P,HUANG Y
35001938,FONG Y,HUANG Y
36116479,FONG Y
37099299,ROYCHOUDHURY P
33369671,FONG Y,GILBERT P,JURASKA M,HUANG Y
32929044,FONG Y,LEMOS M
31910221,FONG Y
32542024,FONG Y,GILBERT P,JURASKA M,HUANG Y
33840863,FONG Y,HUANG Y
31990810,FORD E
36642379,FORD E
36746374,FORD E,PERGAM S
36203549,FORD E
37383248,SCHIFFER J,PERGAM S,LIU C,FORD E,ROYCHOUDHURY P,MCCULLOCH D
32743610,JEROME K,SHOLUKH A,FORD E,COREY L
33028713,JOHNSTON C,FORD E
33675793,SRINIVASAN S,FREDRICKS D
35353163,SRINIVASAN S,FREDRICKS D
32544944,FREDRICKS D
33104186,FREDRICKS D
37480848,SRINIVASAN S,FREDRICKS D
33107562,SRINIVASAN S,FREDRICKS D
32726445,RICHARDSON B,SRINIVASAN S,FREDRICKS D
37350639,SRINIVASAN S,FREDRICKS D,MINOT S
32379324,SRINIVASAN S,FREDRICKS D
32044865,HYRIEN O,SRINIVASAN S,FREDRICKS D
32750107,JEROME K,HUGHES J,SRINIVASAN S,FREDRICKS D
36728351,SRINIVASAN S,FREDRICKS D
33199356,SRINIVASAN S,FREDRICKS D,LIU C
35930134,HUGHES J,FREDRICKS D
33354707,SRINIVASAN S,FREDRICKS D,LIU C
36945124,RICHARDSON B,SRINIVASAN S,FREDRICKS D,SABO M
37285153,FREDRICKS D,PERGAM S,GAO F
32134931,SRINIVASAN S,FREDRICKS D,LIU C
35310847,SRINIVASAN S,FREDRICKS D
36798329,FREDRICKS D,LIU C
31197065,RICHARDSON B,SRINIVASAN S,FREDRICKS D,SABO M
32149953,SRINIVASAN S,FREDRICKS D
37293093,FREDRICKS D,LIU C
37207618,RICHARDSON B,SRINIVASAN S,FREDRICKS D,SABO M
34003290,SRINIVASAN S,FREDRICKS D
36601742,SRINIVASAN S,FREDRICKS D
32102825,RICHARDSON B,SRINIVASAN S,FREDRICKS D
36949872,JOHNSTON C,SRINIVASAN S,FREDRICKS D,WALD A
33346587,SRINIVASAN S,FREDRICKS D
32265316,SCHIFFER J,SRINIVASAN S,FREDRICKS D
37425928,SRINIVASAN S,FREDRICKS D,LIU C
34263318,FURCH B
32043458,FURCH B
33665640,FURCH B
34693991,GAO F
34984710,GAO F
34510414,GAO F
33948627,GAO F
34492117,GAO F,JANES H
35139271,COREY L,GRAY G
33761206,HURAL J,COREY L,ANDRASIK M,GILBERT P,JANES H,GRAY G,HUANG Y,KUBLIN J
33986625,GILBERT P
33077678,COREY L,GILBERT P
37403227,GILBERT P
33043428,GILBERT P
33290576,GILBERT P
33765086,GILBERT P
34518674,GILBERT P
35526218,GILBERT P
37396148,GILBERT P
35801995,GILBERT P
35022577,GILBERT P
34877661,GILBERT P
34186015,SCHIFFER J,GILBERT P,MAYER B,REEVES D
33244440,GILBERT P,JURASKA M
34907214,HURAL J,COREY L,GILBERT P,POSAVAD C,HUANG Y
34494017,HURAL J,COREY L,GILBERT P,POSAVAD C,HUANG Y
34545372,HURAL J,COREY L,GILBERT P,POSAVAD C,HUANG Y
37008748,GILBERT P,HUANG Y
37385888,COREY L,GILBERT P,LI S,GRAY G,HUANG Y,KUBLIN J
32080888,GILBERT P
30623732,GILBERT P,JURASKA M,JANES H
36684526,GILBERT P,HUANG Y
33777613,GILBERT P
35841889,LI S,GILBERT P
32274677,GILBERT P
34080723,GILBERT P
32421033,GILBERT P,HUANG Y
31855881,COREY L,GILBERT P,HUANG Y
30590450,GILBERT P,JURASKA M,HUANG Y
36352021,JEROME K,GILBERT P
36068106,GILBERT P,JURASKA M
36243351,GILBERT P
35233566,JEROME K,GILBERT P
34533134,GILBERT P
34021743,GILBERT P
31996422,GRAY G,GILBERT P
36937899,GILBERT P
34174082,GILBERT P,HUANG Y
36069983,JEROME K,COREY L,GILBERT P
35779963,GILBERT P
32949147,GILBERT P,JANES H
34635391,LI S,GILBERT P,JURASKA M
35062214,SCHIFFER J,JEROME K,GILBERT P,STAMATATOS L
34159336,SCHIFFER J,JEROME K,GILBERT P,STAMATATOS L
33297341,COREY L,GILBERT P,DE R,HUANG Y,KUBLIN J
37313548,GILBERT P
32204943,GILBERT P
32034163,COREY L,GILBERT P,GRAY G,HUANG Y
32092060,KUBLIN J,COREY L,GILBERT P,GRAY G
33191955,GILBERT P
35551291,DECAMP A,GIORGI E,MAYER B
32454405,GOO L
36951943,SCHIFFER J,PRLIC M,HLADIK F,GRAHAM J,LUND J,JEROME K
31621854,GRAHAM J,LUND J
33893179,GRAHAM J,LUND J
33513210,GRAHAM J,LUND J
32995791,GRAHAM J,LUND J
33882225,COREY L,GRAY G
34002949,COREY L,GRAY G
31806257,COREY L,GRAY G
35809579,GRAY G
34077639,GRAY G
37020953,RICHARDSON B,HLADIK F,GRAY G
36929319,ANDRASIK M,GRAY G,HUANG Y,JANES H
32747654,HURAL J,GRAY G,HUANG Y,JANES H
34831841,GRAY G
35727802,GRAY G
35305740,COREY L,GRAY G
37063238,GRAY G
34742340,COREY L,GRAY G
33160341,ANDRASIK M,GRAY G
33481787,KUBLIN J,GRAY G
32324753,ANDRASIK M,GRAY G,LEMOS M,HUANG Y,KUBLIN J
33951425,PANCERA M,GRAY M,MCGUIRE A,STAMATATOS L,TAYLOR J
35507661,STAMATATOS L,PANCERA M,GRAY M,FLEMING L
35901589,GUARINO P
37432690,GUARINO P
36310786,PERGAM S,LIU C,GULLEEN E
36483337,LIU C,GULLEEN E,PHIPPS W
33283195,GULLEEN E
34262989,LIU C,GULLEEN E,PHIPPS W
33667368,WALD A,HAHN W
34587382,COREY L,JANES H,HAHN W
35058622,HAHN W
33785741,HAHN W
36258042,HAHN W
34261517,HAHN W
35301540,HUGHES J,HANSCOM B
36742268,HANSCOM B
36240386,HANSCOM B
33161564,HANSCOM B
33252489,HANSCOM B
33025791,HANSCOM B
36346452,HANSCOM B
34458390,HANSCOM B
37170118,HANSCOM B
36995219,HANSCOM B
35216672,LI S,MCCULLOCH D,HOU J,HILL J
34937145,SCHIFFER J,HILL J
36906275,HILL J
32582924,HILL J
35439295,HILL J
31419568,HILL J
35385358,HILL J
32735642,HILL J
33965172,HILL J
37422195,HILL J
33495553,HILL J
34022099,HILL J
35172053,HILL J
33009139,HILL J
34807468,WARREN E,HILL J
33929306,HILL J
34242571,HILL J
35150885,HILL J
36058550,HILL J
35149986,WARREN E,HILL J
33534645,HILL J
33200828,JOHNSTON C,MENON M,HILL J
34519771,HILL J
32422431,HILL J
36516082,HILL J
35623614,PERGAM S,LIU C,HILL J
33229517,HILL J
33986127,HILL J
37128256,HILL J
31605819,HILL J
33119063,BOECKH M,HILL J
32432149,HILL J,WAGHMARE A,LUND J
37074613,SCHIFFER J,HILL J
34587551,HILL J
37405403,BOECKH M,HILL J
37532126,JEROME K,HILL J,BOECKH M,ZAMORA D
36195867,HLADIK F
35106463,SCHIFFER J,HLADIK F,ROYCHOUDHURY P,JEROME K,REEVES D
35958027,HUANG T,HLADIK F
35804422,HLADIK F
34818981,HLADIK F
37140024,PRLIC M,HLADIK F,LUND J
36432041,HLADIK F
37149863,HLADIK F
36519118,SCHIFFER J,JEROME K,HLADIK F
36178789,JEROME K,HLADIK F
34693363,JEROME K,ROYCHOUDHURY P,HLADIK F
35224539,HLADIK F
36661332,FORD E,HLADIK F
34568770,HLADIK F
33948574,SCHIFFER J,HLADIK F,ROYCHOUDHURY P,JEROME K,REEVES D
33035616,HLADIK F
33953338,PRLIC M,HLADIK F,LUND J
34211453,HLADIK F
33641250,JOHNSTON C,HLADIK F
33133043,HLADIK F
35126336,HLADIK F
36281966,HLADIK F,WALD A
36712077,JEROME K,ROYCHOUDHURY P,HLADIK F
33015651,RICHARDSON B,HLADIK F
36695358,JEROME K,ROYCHOUDHURY P,HLADIK F,KIEM H
35134185,BROWN E
36514789,COREY L,HOU J
35939566,HUANG T
37110172,HUANG Y
31420985,HUANG Y
34905061,HUANG Y
37324058,HUANG Y
33880504,HUANG Y
33093149,HUANG Y
31774192,HUANG Y
30590454,HUANG Y
33893071,HUANG Y
37245660,HUANG Y
35015878,HUANG Y
37396147,HUANG Y
35289908,HUANG Y
34954100,HUANG Y
32133498,HUANG Y
37178978,HUANG Y
32532830,HUANG Y
36404417,HUANG Y
34761160,HUANG Y
32421096,HUANG Y
37018240,HUANG Y,JANES H
34707608,HOU J,LIU C,HUANG Y
35866633,HUANG Y
34157979,HUANG Y
33259788,HUDDLESTON J
32060489,HUDDLESTON J
35246548,HUDDLESTON J
32778141,HUDDLESTON J
32935107,HUDDLESTON J
35257614,HUGHES J,VOLDAL E
32631142,HUGHES J
31237680,HUGHES J
34048057,HUGHES J
36082698,HUGHES J,LUND J
35137437,HUGHES J,VOLDAL E
34542566,HUGHES J
34355734,HUGHES J
34043706,HUGHES J,MCCULLOCH D
31712813,HUGHES J
34893806,HUGHES J
35058047,HUGHES J
35080038,HUGHES J
35774016,HUGHES J,VOLDAL E
30472678,HUGHES J
34488848,HUGHES J,VOLDAL E
34046930,HUGHES J
32554025,HUGHES J,VOLDAL E
33044377,HUGHES J
33747241,HUGHES J
31624977,HUGHES J
34088230,HUGHES J
33313687,HUGHES J
36219764,HUGHES J
32352389,HUGHES J
31634196,HUGHES J
32955403,HUGHES J
34166303,HUGHES J
35499527,HUGHES J
36276877,HUGHES J
32772080,HUGHES J
36471399,HUGHES J
32629671,HUGHES J
35306611,HUGHES J
37408748,HUGHES J,LUND J
36580235,HUGHES J
31714368,HUGHES J
36001447,HUGHES J
37277786,HUGHES J
36609346,HUGHES J
34541564,HUGHES J
33258788,HUGHES J
31904708,HUGHES J
32524605,HUGHES J
32404856,HUGHES J
31955360,HUGHES J
32658131,HUGHES J
37484765,HUGHES J,LUND J
35438649,HUGHES J
32044862,HUGHES J
31667490,HUGHES J
33346798,HUGHES J
32913657,HUGHES J
32471476,HUGHES J
34473400,HUGHES J
33594429,HUGHES J
33228787,HUGHES J,MCCULLOCH D,BOECKH M,LUND J
32820597,HUGHES J
36541636,HUGHES J
37531658,HUGHES J,LUND J
36136590,HURAL J,COREY L,RANDHAWA A,LI S,HYRIEN O
33511233,HURAL J
34923559,HURAL J,COREY L,RANDHAWA A,JURASKA M
35301794,HURAL J,COREY L,GRAY G
31895881,HURAL J
32946741,MAYER B,PANCERA M,HURLBURT N
35736810,ZHANG B,PANCERA M,HURLBURT N
34237283,PANCERA M,MCGUIRE A,HURLBURT N,LUND J,STAMATATOS L
33791692,PANCERA M,MCGUIRE A,HURLBURT N,LUND J,STAMATATOS L
32511342,PANCERA M,MCGUIRE A,HURLBURT N,LUND J,STAMATATOS L
32577631,MCGUIRE A,PANCERA M,HURLBURT N,STAMATATOS L
33110068,MCGUIRE A,PANCERA M,HURLBURT N,STAMATATOS L
35172158,PANCERA M,HURLBURT N
33803622,ZHANG B,PANCERA M,HURLBURT N
33135674,HURLBURT N
32561270,PANCERA M,MCGUIRE A,HURLBURT N,STAMATATOS L,LUND J,BOECKH M
33880478,JEROME K,HYRIEN O
37034678,SCHIFFER J,HYRIEN O,BOECKH M,WAGHMARE A
35025926,JEROME K,HYRIEN O
33880481,GILBERT P,JANES H
34260716,GILBERT P,JANES H
35675078,COREY L
36106642,COREY L,JANES H
31732971,JANES H
35785530,COREY L,JANES H
36895286,COREY L,JANES H
33166790,COREY L,JANES H
32937062,JEROME K
36272098,JEROME K,JOHNSTON C,WALD A
31704712,JEROME K
35502920,JEROME K,ROYCHOUDHURY P
33892762,JEROME K,STONE D
35632815,JEROME K,ROYCHOUDHURY P
32511521,JEROME K
35355993,JEROME K
36146679,JEROME K
33855313,JEROME K,ROYCHOUDHURY P
35202525,JEROME K
36095012,JEROME K,WALTER M
35013735,JEROME K,ROYCHOUDHURY P
32941977,JEROME K
32414839,JEROME K
32405257,JEROME K
32386545,JEROME K,ROYCHOUDHURY P
33349793,JEROME K
33310764,JEROME K
37466213,JEROME K,ROYCHOUDHURY P
34023572,JEROME K
36809468,JEROME K,COREY L
32535397,JEROME K
32703897,JEROME K
34862752,JEROME K,ROYCHOUDHURY P
35779343,JEROME K,ROYCHOUDHURY P
33137178,JEROME K,LUND J
37162835,JEROME K
32805524,JEROME K
35799885,JEROME K,ROYCHOUDHURY P
35169803,JEROME K,ROYCHOUDHURY P
35194099,SCHIFFER J,GILBERT P,RANDHAWA A,ROYCHOUDHURY P,JEROME K
35075180,SCHIFFER J,GILBERT P,RANDHAWA A,ROYCHOUDHURY P,JEROME K
32650276,JEROME K
32511630,JEROME K
33849972,JEROME K,ROYCHOUDHURY P
31804297,JEROME K,WALD A
35020436,JEROME K,MAYER B,SCHIFFER J
32623351,JEROME K,ROYCHOUDHURY P
32476285,JEROME K
32227758,JEROME K
37207227,JEROME K,KIEM H
37126090,JEROME K
32375201,JEROME K
34853798,JEROME K,KIEM H
32444880,JEROME K,MCCULLOCH D
32504946,JEROME K
32511542,JEROME K
33006983,JEROME K
32607510,JEROME K,ROYCHOUDHURY P
32379863,JEROME K,ROYCHOUDHURY P,MINOT S
32898168,JEROME K,ROYCHOUDHURY P
32614969,JEROME K,KIEM H
33501950,JEROME K
35058348,JEROME K,ROYCHOUDHURY P
32493788,JEROME K
37503290,JEROME K,ROYCHOUDHURY P
32511328,JEROME K
32381641,JEROME K
32102858,JEROME K
32472688,JEROME K
32350048,JEROME K
35862190,JEROME K,SHOLUKH A,COREY L,ROYCHOUDHURY P
33088847,JEROME K
33804667,JEROME K,SCHIFFER J
33311918,JEROME K
34552595,COREY L,JOHNSTON C,ZHU J,JEROME K,WALD A
32548613,JEROME K,PERGAM S,LIU C
36385528,JOHNSTON C,MINOT S
36384132,JOHNSTON C,MINOT S
35361914,JOHNSTON C
33743198,JOHNSTON C
35534708,JOHNSTON C
35121929,JOHNSTON C
36097170,JOHNSTON C,JONES D
35254123,JOHNSTON C,JONES D
35234492,JOHNSTON C,JONES D
35060165,JOHNSTON C
32826633,JOHNSTON C
37295348,JOHNSTON C,JONES D
34546072,JOHNSTON C,JONES D,MINOT S
31809411,JOHNSTON C
37398369,JOHNSTON C,JONES D,MINOT S
34854708,JOHNSTON C,JONES D
32675190,JOHNSTON C
33848702,JOHNSTON C
33302006,JOHNSTON C
35119477,JOHNSTON C
34056596,JONES D
31991105,JONES D,WALTER M
34446701,JONES D
36523415,JURASKA M
34526360,KASK A
36001680,KUBLIN J
33010242,KUBLIN J,COREY L
36203582,KUBLIN J
34002544,KUBLIN J
32644127,KUBLIN J,DUKE E
31679015,KUBLIN J
31621832,KUBLIN J,WALD A
34543346,KUBLIN J
34665829,KUBLIN J,ANDRASIK M,WALLACE S
37265668,KUBLIN J
34048504,KUBLIN J
34096320,LANKOWSKI A
34506358,ANDRASIK M,LEMOS M
34713080,ANDRASIK M,LEMOS M
37352144,LI S,COREY L
32191793,LIU C
32227354,LIU C
32658968,LIU C
33238295,LIU C
32980860,PERGAM S,LIU C
36570695,LIU C
37250175,MCCULLOCH D,LIU C,PERGAM S
35428417,PERGAM S,LIU C
32577634,LIU C
34319355,PERGAM S,LIU C
32369409,PERGAM S,LIU C
32197238,PERGAM S,LIU C
35559121,PERGAM S,LIU C
36567810,PERGAM S,WALD A,LIU C
35155713,LIU C
34183982,PERGAM S,LIU C,WAGHMARE A
32294617,LIU C
32671130,PERGAM S,LIU C
35155714,LIU C
31621829,PERGAM S,LIU C,WALD A
34111574,PERGAM S,LIU C
37394113,PERGAM S,LIU C
34453768,PERGAM S,LIU C
33342000,PERGAM S,LIU C
32659787,LIU C
32866224,LIU C
33871619,PERGAM S,LIU C
34395710,PERGAM S,LIU C
34289529,LI S,PERGAM S,LIU C
32133490,PERGAM S,LIU C
31095276,PERGAM S,LIU C
33094113,PERGAM S,LIU C
37046089,LI X
33664784,LI X
35484108,LI X
33007263,LI X
34845322,LUND J
35197551,LUND J
37314481,SCHIFFER J,JOHNSTON C,PRLIC M,LUND J
32125285,SCHIFFER J,DUKE E,COREY L,PRLIC M,ZHU J,ROYCHOUDHURY P,LUND J
34088770,SCHIFFER J,PRLIC M,LUND J
35821289,PRLIC M,LUND J
37311745,LUND J
34014927,MATRAJT L
31412101,MATRAJT L
35442958,MATRAJT L
31056675,MATRAJT L
32343222,MATRAJT L
32710864,MATRAJT L
33620317,SCHIFFER J,MAYER B,REEVES D
34088959,SCHIFFER J,MAYER B,REEVES D
31348937,MAYER B
31985697,MAYER B
33024978,SCHIFFER J,MAYER B,REEVES D
34099328,MAYER B
32183833,MAYER B
32028569,SCHIFFER J,COREY L,WALD A,MAYER B
35798890,HUGHES J
33853970,MCCRONE J
33275900,MCCRONE J
35952712,MCCRONE J
34526718,MCCRONE J
36962792,MCCRONE J
34301854,MCCRONE J
33851177,MCCRONE J
35203112,MCCRONE J
37471538,MCCRONE J
36332633,ROYCHOUDHURY P,MCCRONE J
33419936,MCCRONE J
34499854,MCCRONE J
34527281,MCCRONE J
33767447,MCCRONE J
32359424,MCCRONE J
36533153,MCCRONE J
34527285,MCCRONE J
33514928,MCCRONE J
32669681,MCCRONE J
34981043,MCCRONE J
34981069,MCCRONE J
33688664,MCCRONE J
33349681,HUGHES J,MCCRONE J
36114232,HUGHES J
33037213,MCCRONE J
33504980,HUGHES J,MCCRONE J
33462438,HUGHES J,MCCRONE J
35853960,HUGHES J
36963002,MCCRONE J
31801858,MCCRONE J
32596695,MCCRONE J
33606031,MCCULLOCH D
32783920,MCCULLOCH D
34315010,MCCULLOCH D
34668728,MCCULLOCH D
32697321,MCCULLOCH D,LUND J
35138909,MCELRATH J
34843602,MCELRATH J,HAHN W
32155444,MCGUIRE A
33795432,MCGUIRE A,STAMATATOS L
34554826,MCGUIRE A,GRAHAM J,STAMATATOS L
35705092,MCGUIRE A,PANCERA M
34453881,MCGUIRE A,STAMATATOS L
33398277,MCGUIRE A
33981021,MCGUIRE A
36513069,STRONG R,MCGUIRE A,PANCERA M
33299994,MCGUIRE A,STAMATATOS L
32724901,MCGUIRE A
33306958,MCGUIRE A
36763635,MCGUIRE A,STAMATATOS L
33095855,SHOLUKH A,MCGUIRE A,OREM J
34289363,PANCERA M,GRAY M,MCGUIRE A,STAMATATOS L,TAYLOR J
33791699,MCGUIRE A,STAMATATOS L
34133950,MCGUIRE A,STAMATATOS L
33114742,MCGUIRE A,PANCERA M,STAMATATOS L
35123652,MCGUIRE A,STAMATATOS L
33758857,MCGUIRE A,STAMATATOS L
33069767,MCGUIRE A
33871887,MEISNER A
32794249,MEISNER A
35149246,MEISNER A
36913789,MEISNER A
34895357,MEISNER A
35073168,WARREN E,MENON M
33449804,OREM J,MENON M
31800273,ANDRASIK M,COREY L,WALLACE S
35636901,ANDRASIK M,WALLACE S
33606033,ANDRASIK M,PERGAM S
33789007,ANDRASIK M
32070318,ANDRASIK M
34339113,ANDRASIK M
33846277,ANDRASIK M
31725104,ANDRASIK M
32692107,ANDRASIK M
36387840,ANDRASIK M
33937172,ANDRASIK M
32941520,ANDRASIK M,WALLACE S
36342974,ANDRASIK M
31452148,ANDRASIK M
34895272,ANDRASIK M
31954432,ANDRASIK M
31785536,ANDRASIK M
35421353,MINOT S
36993193,MINOT S
37080202,MINOT S
33952321,MINOT S
32298611,MINOT S
36945505,MINOT S
33205061,LI S,PRLIC M,NEWELL E,MINOT S
33059593,MINOT S
32466988,MINOT S
37012008,MONTANO M
33629225,MONTANO M
34648489,MOORE M
34039844,MOYSI E
32477334,MOYSI E
37520703,MOYSI E
35193447,MOYSI E
34369597,MOYSI E
33980982,MOYSI E
33903232,MOYSI E
34177929,MOYSI E
34931002,NEWELL E
34469775,NEWELL E
33046887,NEWELL E
32579887,NEWELL E
32275969,NEWELL E
36259971,NEWELL E,JOHNSON A
33427749,NEWELL E
34270940,NEWELL E
33975004,NEWELL E
35981786,NEWELL E
34906313,NEWELL E
34285073,LI S,NEWELL E
32847986,NEWELL E
32268080,PRLIC M,NEWELL E
32302614,NEWELL E
33367885,NEWELL E
37426750,JONES D,NEWELL E
34881192,NEWELL E
36524209,LI S,NEWELL E
31812571,DE R,NEWELL E
34389625,NEWELL E
34550730,NEWELL E
37392736,NEWELL E
34115118,NEWELL E
34095880,NEWELL E
36865544,NEWELL E
32973217,NEWELL E
32544576,NEWELL E
33052343,NEWELL E
32995000,LI S,NEWELL E
34481552,OREM J
33300963,OREM J
32348563,OREM J
35195571,OREM J
33855863,OREM J
36083142,WARREN E,OREM J,PHIPPS W
34153032,SCHIFFER J,COREY L,OREM J,JOHNSTON C,WALD A
32697667,OREM J,PHIPPS W
32071350,OREM J,WALD A,PHIPPS W
37540676,JOHNSTON C,COREY L,OREM J,WALD A
34788599,ZHANG B,PANCERA M
36971561,PANCERA M
37198165,PANCERA M
36931276,ZHANG B,PANCERA M
33661302,PANCERA M
31704807,PANCERA M
32935094,MCGUIRE A,PANCERA M,STAMATATOS L
34559844,PANCERA M
33724250,PERGAM S
35333494,PERGAM S
36127367,COREY L,PHIPPS W
36441790,PHIPPS W
37325087,PHIPPS W
33465147,PHIPPS W
35933992,PONNAN S
34619366,PONNAN S
33659876,PONNAN S
33936106,PONNAN S
31877329,PONNAN S
35857529,POSAVAD C
35898343,LI S,MARTIN T,WALD A,POSAVAD C
35081298,POSAVAD C
35313570,POSAVAD C
36356052,HUANG Y,POSAVAD C
35550037,RICHARDSON B,POSAVAD C
37036397,POSAVAD C
37034641,POSAVAD C
35432373,COREY L,JOHNSTON C,ZHU J,POSAVAD C,WALD A
37333252,POSAVAD C
37205592,LI S,MARTIN T,WALD A,POSAVAD C
37451878,RICHARDSON B,POSAVAD C
35734087,RICHARDSON B,POSAVAD C
35545675,PRLIC M
36797499,PRLIC M
34644150,PRLIC M,CHURCH C
36101938,PRLIC M
33468558,PRLIC M
33339211,PRLIC M
34489590,PRLIC M
31974109,PRLIC M
32978859,PRLIC M
34032638,PRLIC M
33000001,PRLIC M
35145025,SCHIFFER J,REEVES D
35870446,REEVES D
36081147,REEVES D
35382576,SCHIFFER J,REEVES D
33465157,SCHIFFER J,REEVES D
32868447,REEVES D
32191639,SCHIFFER J,REEVES D
32023326,SCHIFFER J,REEVES D
36166517,RICHARDSON B
36366490,ROYCHOUDHURY P
34171548,ROYCHOUDHURY P
35341324,ROYCHOUDHURY P
32722766,JONES D,ROYCHOUDHURY P,HILL J
35863699,JEROME K,ROYCHOUDHURY P
34165323,JEROME K,ROYCHOUDHURY P
35766514,ROYCHOUDHURY P
33046529,JEROME K,ROYCHOUDHURY P
35301314,ROYCHOUDHURY P
32817980,JEROME K,ROYCHOUDHURY P
32826322,JEROME K,ROYCHOUDHURY P
36823694,SABO M
32701583,RICHARDSON B,SABO M
36190406,SCHIFFER J
36705262,SCHIFFER J
32661497,SCHIFFER J,JOHNSTON C,COREY L,WALD A
33097472,SCHIFFER J
33801811,SCHIFFER J
34706189,SHAPIRO A
35285853,SHAPIRO A
33765456,SHAPIRO A
34800394,SHAPIRO A
35636907,SHAPIRO A
35294999,SHAPIRO A
35977462,SHAPIRO A
37426951,SHAPIRO A
36123803,SHAPIRO A
33789959,SHAPIRO A
36987808,SHAPIRO A
37383930,SHAPIRO A
36523414,SHAPIRO A
35913145,SHAPIRO A
36922886,LI X,SHAPIRO A
35570932,SHAPIRO A
35511950,LI L,SHAPIRO A
34652245,SHAPIRO A
34562627,SHAPIRO A
34414151,SHAPIRO A
34870135,SHAPIRO A
33387480,SHAPIRO A
32589337,SHAPIRO A
36962123,SHAPIRO A
32971053,SHAPIRO A
33755189,SHAPIRO A
36519117,SHOLUKH A,MCGUIRE A
36396691,SHOLUKH A
37450436,SKALLAND T
34789871,SRINIVASAN S
37193826,STRONG R
37207206,STRONG R
35584229,STRONG R
36763517,STRONG R
36415462,STRONG R
32304700,STRONG R
35878026,STRONG R
32132215,STRONG R
35938852,TAPSOBA J
32859616,TAPSOBA J
34550860,TAPSOBA J
31997385,TAPSOBA J
35857583,TAYLOR J,JOHNSON A
33419791,TAYLOR J
32144185,TAYLOR J
35881384,TAYLOR J
33741942,TAYLOR J
35970895,TAYLOR J
37258506,TAYLOR J
33048842,TAYLOR J
34769653,VILLARAN M
36962933,VILLARAN M
34694761,VOLDAL E
35019975,VOLDAL E
35796152,VOLDAL E
36988939,VOLDAL E
35612859,VOLDAL E
35815898,VOLDAL E
36197656,VOLDAL E
37379001,VOLDAL E
37085225,WAGHMARE A
33764433,WAGHMARE A
32918548,WAGHMARE A
36476522,WAGHMARE A,LUND J
35107571,WAGHMARE A
34125574,WAGHMARE A
33388760,WAGHMARE A
32318706,WAGHMARE A
32717432,WAGHMARE A
31915807,BOECKH M,WAGHMARE A
31793991,BOECKH M,WAGHMARE A
35006269,WALD A
32525715,JOHNSTON C,WALD A
33395339,WALD A
35133988,WALD A
35118477,WALD A
35212363,WALD A
37391114,WALD A
37410908,WALD A
36851745,WALD A
35608118,WALD A
36032965,WALD A
34894240,WALD A
33621211,WALD A
33269369,WALD A
35289732,RICHARDSON B,WALD A
34156975,JOHNSTON C,ZHU J,COREY L,WALD A
35934070,WALD A
35587470,JOHNSTON C,WALD A
34473717,WALD A
34965282,WALD A
32720186,WALD A
36131321,WALD A
35358186,WALD A
34895022,WALD A
32917766,WALD A
32766197,WALD A
37391005,WALD A
32883662,WALD A
36658009,WALD A
37403049,WALD A
33485644,WALD A
32888103,WALD A
32493478,BROWN E,WALD A
35763740,WALLACE S
37012537,WALLACE S
33504629,WALLACE S
32123636,WALLACE S
32985507,WALTER M
35018374,WALTER M
36977698,WALTER M
32541947,WALTER M
34548480,WALTER M
34011551,WALTER M
34329577,WARREN E
33667140,WARREN E
36735485,WARREN E
35013257,WARREN E
36913694,WARREN E
36521030,WARREN E
34083132,WARREN E
34250400,WARREN E
36385536,WARREN E
35585986,WARREN E
36185254,WARREN E
36159875,WARREN E
31756415,WARREN E
31585205,WARREN E,MENON M
33436433,ZAMORA D
33242424,ZHANG B,ZHU Y,ZHU J
36777968,ZHANG B
36509055,ZHANG B
36640911,ZHANG B
35909042,ZHANG B
37334200,ZHANG B
37520418,ZHANG B
37533195,ZHANG B
36123328,ZHU J
37500295,ZHU J
35323418,ZHU J
32292527,ZHU Y
