29762161,ADENIJI O
28922772,ADENIJI O
22225849,ADENIJI O
24423185,ADENIJI O
26159182,ADENIJI O
31801073,GRAY M,AGRAWAL P,MCGUIRE A,PANCERA M,STAMATATOS L
31577947,AGRAWAL P
27784754,AGRAWAL P
26672421,AGRAWAL P
28781048,AGRAWAL P,HOU J
27030770,AGRAWAL P
20699513,AGRAWAL P
18417887,AGRAWAL P
25593435,AGRAWAL P
22134340,ANDERSEN-NISSEN E
17690885,ANDERSEN-NISSEN E
31676770,ANDERSEN-NISSEN E,PRLIC M
27870536,ANDERSEN-NISSEN E
31534016,HURAL J,ANDERSEN-NISSEN E,KUBLIN J,GRAY G,COREY L,RANDHAWA A,GILBERT P,DE R,HUANG Y
23858036,ANDERSEN-NISSEN E
30919583,ANDERSEN-NISSEN E,DE R,DINTWE O
17283206,STRONG R,ANDERSEN-NISSEN E
17404249,ANDERSEN-NISSEN E
24925805,ANDERSEN-NISSEN E,DE R
15956202,ANDERSEN-NISSEN E
27832025,ANDERSEN-NISSEN E
23007739,ANDERSEN-NISSEN E,DE R
14625549,ANDERSEN-NISSEN E
21493800,ANDERSEN-NISSEN E
23151505,DUERR A,ANDERSEN-NISSEN E,DE R
29513587,ANDRASIK M
24922153,ANDRASIK M
24524520,ANDRASIK M
25122028,KUBLIN J,ANDRASIK M
21945395,ANDRIESEN J
30282622,ANDRIESEN J
28760729,ANDRIESEN J
20811043,ANDRIESEN J,WARREN E
21734177,ANDRIESEN J
19102730,LI S,ANDRIESEN J
30059507,ASTRONOMO R,HLADIK F
20357803,ASTRONOMO R
24652495,ASTRONOMO R,HLADIK F
27919754,ASTRONOMO R,MCELRATH J,HLADIK F,FLEMING L
20416507,ASTRONOMO R
16174734,ASTRONOMO R
18434393,ASTRONOMO R
18310320,ASTRONOMO R
29522311,AUBERT M,JEROME K,ROYCHOUDHURY P,STONE D
18175811,AUBERT M
22718830,SCHIFFER J,JEROME K,STONE D,AUBERT M
24485787,JEROME K,STONE D,AUBERT M
12959750,JEROME K,AUBERT M
26718067,JEROME K,AUBERT M,ROYCHOUDHURY P,SCHIFFER J,STONE D
27642635,JEROME K,ROYCHOUDHURY P,STONE D,AUBERT M
28424485,JEROME K,ROYCHOUDHURY P,STONE D,AUBERT M
17855516,AUBERT M
24827459,JEROME K,AUBERT M,ROYCHOUDHURY P,SCHIFFER J,STONE D
12514701,JEROME K,AUBERT M
24496438,JEROME K,STONE D,AUBERT M
21399673,JEROME K,AUBERT M
19339346,JEROME K,AUBERT M
17067652,JEROME K,AUBERT M
17080326,AUBERT M
16987059,JEROME K,AUBERT M
17959661,JEROME K,AUBERT M
12504549,AUBERT M
25278604,BEDFORD T
31671157,BEDFORD T
23555203,BEDFORD T
29534854,BEDFORD T
29168807,BEDFORD T
28538739,BEDFORD T
30135232,BEDFORD T
29790939,HUDDLESTON J,BEDFORD T
29336306,BEDFORD T
29097090,BEDFORD T
30231576,BEDFORD T
29669683,BEDFORD T
25843391,BEDFORD T
33282337,HUDDLESTON J,BEDFORD T
27834632,BEDFORD T
26194758,BEDFORD T
24497547,BEDFORD T
31385805,BEDFORD T
28098392,BEDFORD T
31452511,BEDFORD T,BOECKH M
26951657,BEDFORD T
26814962,BEDFORD T
27629034,BEDFORD T
27814518,BEDFORD T
26115986,BEDFORD T
29284042,BEDFORD T
28405027,BEDFORD T,LI L
31038123,BEDFORD T
28538723,BEDFORD T
26938243,BEDFORD T
28672035,BEDFORD T
29211835,BEDFORD T
26091036,BEDFORD T
19139403,BEDFORD T
23300455,BEDFORD T
30104379,HUDDLESTON J,BEDFORD T
31718580,BEDFORD T
31375545,BEDFORD T
26053121,LI X,BEDFORD T
25323575,BEDFORD T
22546494,BEDFORD T
26770819,BEDFORD T
31878875,BEDFORD T
20523898,BEDFORD T
25116957,BEDFORD T
21787390,BEDFORD T
25539729,BEDFORD T
20534482,BEDFORD T
25780554,BEDFORD T
29492278,BEDFORD T
22403239,BEDFORD T
19015547,BEDFORD T
27057693,BEDFORD T
24191071,BEDFORD T
18505862,BEDFORD T
27053974,BEDFORD T
24586153,BEDFORD T
26311880,BEDFORD T
22219719,BEDFORD T
12324888,BEDFORD T
12679555,BEDFORD T
17005334,BEDFORD T
15084679,BEDFORD T
18480070,BEDFORD T
31186276,DASGUPTA S,BOECKH M,HILL J,DUERR A
31743392,DASGUPTA S,HILL J,BOECKH M
31773888,DUERR A
30763144,PHIPPS W,OREM J
26865856,PHIPPS W,COREY L,WALD A,SCHIFFER J,JOHNSTON C
30241139,PHIPPS W,OREM J
27870601,JOHNSTON C
26044291,JOHNSTON C,WALD A
29716624,BLANCO-MELO D
30209219,BLANCO-MELO D
28658212,BLANCO-MELO D
28953888,BLANCO-MELO D
27427209,BLANCO-MELO D
22999946,BLANCO-MELO D
30606801,BLANCO-MELO D
28397686,BLANCO-MELO D
29377940,BLANCO-MELO D
25416948,BLANCO-MELO D
25640971,BLANCO-MELO D
24760893,BLANCO-MELO D,HUGHES J
31851929,BLANCO-MELO D
19353277,BLANCO-MELO D
29211658,BOECKH M
21258094,BOECKH M
27682069,BOECKH M
31287523,BOECKH M
23024295,BOECKH M
30329038,BOECKH M
19747629,BOECKH M
29969748,HILL J,PERGAM S,BOECKH M
29038338,HILL J,BOECKH M
29617786,MAYER B,SCHIFFER J,HILL J,BOECKH M
21205990,BOECKH M
26968400,BOECKH M
23257230,BOECKH M
21348080,BOECKH M
22440913,BOECKH M
21079265,LUND J,BOECKH M
20466273,BOECKH M
20009037,LUND J,BOECKH M
22160050,BOECKH M
25452035,BOECKH M
22796341,BOECKH M
22282500,WARREN E,BOECKH M
19299333,BOECKH M
26968533,LUND J,WAGHMARE A,BOECKH M
25620648,BOECKH M
20931610,BOECKH M
22859606,LI S,WARREN E,BOECKH M
18400797,BOECKH M
21659716,BOECKH M
16305617,LUND J,BOECKH M
28472318,LUND J,WAGHMARE A,BOECKH M
17147908,BOECKH M
25352629,BOECKH M
18785968,BOECKH M
27313329,WARREN E,BOECKH M
15301035,BOECKH M
28653624,PERGAM S,LUND J,BOECKH M
17262699,BOECKH M
21105791,PERGAM S,BOECKH M
26853642,GILBERT P,BOECKH M
14506657,BOECKH M
15125702,BOECKH M
14644993,BOECKH M
29670209,JEROME K,HILL J,BOECKH M
17458776,LUND J,BOECKH M
12749798,BOECKH M
29029104,COREY L,BOECKH M
11807145,COREY L,BOECKH M
21236396,BOECKH M
24046297,BOECKH M
29020348,JEROME K,HILL J,MAYER B,SCHIFFER J,BOECKH M
15472810,COREY L,BOECKH M
29554870,HILL J,JEROME K,ROYCHOUDHURY P,BOECKH M
26565010,BOECKH M
25713060,BOECKH M
15087771,BOECKH M
31449472,JEROME K,HILL J,COREY L,BOECKH M
29266397,BOECKH M
32642656,BOECKH M
27758874,WARREN E,BOECKH M
29024803,PERGAM S,FREDRICKS D,SRINIVASAN S,BOECKH M
28270451,WARREN E,BOECKH M
28961971,LUND J,WAGHMARE A,BOECKH M
21242546,BOECKH M
30978619,JEROME K,LUND J,BOECKH M
30149147,JEROME K,LUND J,BOECKH M
24066743,BOECKH M
29223372,JEROME K,BOECKH M
27143659,JEROME K,LUND J,BOECKH M
26921738,JEROME K,HILL J,BOECKH M
22006992,COREY L,FREDRICKS D,BOECKH M
22985195,BOECKH M
26780109,BOECKH M
12432056,BOECKH M
24923537,BOECKH M
27343716,BOECKH M
28369203,JEROME K,BOECKH M
25255164,JEROME K,HILL J,BOECKH M
25918347,JEROME K,FREDRICKS D,BOECKH M
23660171,BOECKH M
25644959,BOECKH M
26518046,RICHARDSON B,BOECKH M
27870568,BOECKH M
28596425,JEROME K,HILL J,BOECKH M
21470455,LUND J,COREY L,BOECKH M
26333778,BOECKH M
23759343,PERGAM S,BOECKH M
23017213,LUND J,COREY L,BOECKH M
22641196,COREY L,BOECKH M
25847977,LUND J,COREY L,BOECKH M
24607551,PERGAM S,LUND J,BOECKH M
19886798,BOECKH M,PERGAM S,COREY L,KIEM H
19450762,PERGAM S,BOECKH M
14504090,COREY L,BOECKH M
29753836,HILL J,PERGAM S,BOECKH M
24594780,JEROME K,BOECKH M
12001907,BOECKH M
18647984,COREY L,BOECKH M
24192386,RICHARDSON B,BOECKH M,WALD A
28838146,JEROME K,LUND J,WAGHMARE A,BOECKH M
28183847,JEROME K,LUND J,WAGHMARE A,BOECKH M
22680976,BOECKH M
29447395,LUND J,WAGHMARE A,BOECKH M
22315281,BOECKH M
28209721,JEROME K,HILL J,MAYER B,SCHIFFER J,BOECKH M
24504006,RICHARDSON B,BOECKH M,WALD A
26884374,BOECKH M
24368837,LUND J,WAGHMARE A,BOECKH M
22387334,PERGAM S,COREY L,BOECKH M
26748162,LUND J,BOECKH M
20450414,BOECKH M
23033148,LUND J,COREY L,BOECKH M
31396218,BOONYARATANAKORNKIT J,TAYLOR J
31101673,BOONYARATANAKORNKIT J,TAYLOR J
31205241,BOONYARATANAKORNKIT J
21859271,BOONYARATANAKORNKIT J
31603585,BOONYARATANAKORNKIT J,TAYLOR J
31211675,BOONYARATANAKORNKIT J
27044079,BOONYARATANAKORNKIT J
20739950,BOONYARATANAKORNKIT J
29399597,BOONYARATANAKORNKIT J,SABO M
29317514,BOONYARATANAKORNKIT J
27803188,BOONYARATANAKORNKIT J
22750545,BOONYARATANAKORNKIT J
19052086,BOONYARATANAKORNKIT J
19857454,BOONYARATANAKORNKIT J
16452198,BOONYARATANAKORNKIT J
23527201,BOONYARATANAKORNKIT J
18614629,BOONYARATANAKORNKIT J
22355301,BOONYARATANAKORNKIT J
21123378,BOONYARATANAKORNKIT J
31498743,BROWN E
28273023,BROWN E
27052431,BROWN E
31078451,GILBERT P,DONNELL D,JANES H,BROWN E
24282559,DIMITROV D,BROWN E
17978109,BROWN E
29268654,BROWN E
26869051,BROWN E
30844995,BROWN E
31002583,BROWN E
26834259,BROWN E
23894223,BROWN E
26900902,RICHARDSON B,BROWN E
25384907,BROWN E
28542081,BROWN E
26850270,BROWN E
25546029,BROWN E
21902583,BROWN E
26460001,BROWN E
26123563,RICHARDSON B,BROWN E
28961677,BROWN E
29016523,BROWN E
21673124,BROWN E
26487343,DONNELL D,BROWN E
30006791,BROWN E
27846073,JANES H,GILBERT P,DONNELL D,HANSCOM B,GUARINO P,HUANG Y,BROWN E
22112598,BROWN E
20224418,EMEL L,BROWN E
31306167,BROWN E
26078001,BROWN E
23144863,BROWN E
26061040,BROWN E
22747658,BROWN E
19766217,BROWN E
26617417,BROWN E
19346367,BROWN E
24066069,DIMITROV D,BROWN E
21637835,BROWN E
18679152,EMEL L,BROWN E
28746164,BROWN E
23249916,BROWN E
26906023,BROWN E
24845658,BROWN E
30218318,RICHARDSON B,BROWN E
20631322,BROWN E
21859224,BROWN E
23302152,GILBERT P,BROWN E,HUGHES J
15737079,BROWN E
12926706,BROWN E
20467938,BROWN E
30507409,GRAY G,BROWN E
18627627,BROWN E
26519646,BROWN E
22905281,BROWN E
14601770,BROWN E
24371543,DIMITROV D,BROWN E
18541551,BROWN E
20007201,BROWN E
26806983,BROWN E
26807431,BROWN E
23846568,BROWN E
17667334,BROWN E
18779279,BROWN E
18413889,BROWN E
16816561,EMEL L,BROWN E
21846753,BROWN E
22196945,BROWN E,LI L
16875654,BROWN E
17267841,BROWN E
19317628,BROWN E
16227794,BROWN E
21467539,BROWN E
17191167,RICHARDSON B,BROWN E
17057551,BROWN E
20802852,BROWN E
14722443,BROWN E
16202968,BROWN E
20222936,BROWN E
27085419,BROWN E
18769352,BROWN E
25569838,DONNELL D,DIMITROV D,BROWN E
16123677,BROWN E
19274895,BROWN E
30576430,CASTO A
25846536,CASTO A
23966858,CASTO A
18292342,CASTO A
29346337,CASTO A
20109212,CASTO A
29898986,JEROME K,CASTO A,ROYCHOUDHURY P,WALD A,JOHNSTON C
23959643,CASTO A
16923821,CASTO A
23098412,CASTO A
21253569,CASTO A
21122162,CASTO A
24910635,COHN L
30531293,COHN L
28348204,COHN L
25635456,COHN L
25917102,COHN L
29714165,COHN L
27872306,COHN L
29686423,COHN L
22791285,COHN L
23569326,COHN L
30420517,COHN L
22412374,COHN L
19562472,COHN L
26690469,COOPER R
21807421,COOPER R
23957797,COOPER R
30048895,COOPER R
30235650,COOPER R
26725230,COOPER R
31194094,COOPER R
29728654,COOPER R
21679857,COOPER R
22683750,COOPER R
28140394,COOPER R
30874727,COOPER R
30619430,COOPER R
23723071,COOPER R
31118845,COOPER R
31461587,COOPER R
28764648,COOPER R
19124605,COOPER R
11659422,COOPER R
24530989,COOPER R
25605659,COOPER R
28974514,COOPER R
25806042,COOPER R
23558734,MOORE M,COOPER R
25998550,COOPER R
25997621,COOPER R
24232914,COOPER R
20823019,COOPER R
20534664,COOPER R
24467988,MOORE M
25102681,COREY L
26933962,GRAY G,COREY L
29889809,MAYER B,SCHIFFER J,COREY L,WALD A
28368743,GILBERT P,HUANG Y,COREY L
25820067,KUBLIN J,COREY L
18698002,COREY L
30020484,JOHNSTON C,COREY L,WALD A
17329447,COREY L,WALD A
15243920,RICHARDSON B,COREY L
15478066,COREY L,WALD A
23614998,ANDRASIK M
23370155,KUBLIN J,GRAY G,MOODIE Z
24560541,LI S,KUBLIN J,GRAY G,COREY L,MOODIE Z,GILBERT P
20706632,DUERR A
21570355,LI S,KUBLIN J,GRAY G,COREY L,MOODIE Z
21742841,COREY L
28239471,D'AMICO L,FLING S
22253836,D'AMICO L,RAMCHURREN N
17336906,D'AMICO L
29756517,D'AMICO L
28089377,D'AMICO L
17276918,D'AMICO L
16107477,D'AMICO L
17531218,D'AMICO L
23231959,D'AMICO L
30559548,DASGUPTA S
30117076,DASGUPTA S,DUERR A
31149948,DASGUPTA S,DUERR A
30546207,DASGUPTA S
26827165,MCELRATH J,JANES H,KUBLIN J,GRAY G,COREY L,GILBERT P,DECAMP A,HUANG Y
31589165,LI S,JANES H,FONG Y,COREY L,GILBERT P,DECAMP A
27013733,DECAMP A
27349278,DECAMP A
26180102,GILBERT P,FONG Y,DECAMP A
29386288,DECAMP A
28379332,GILBERT P,FIORE-GARTLAND A,DECAMP A,EDLEFSEN P
22475592,JANES H,FONG Y,GILBERT P,DECAMP A,DE R,HUANG Y
24648342,GILBERT P,FONG Y,DECAMP A
25646817,GILBERT P,DECAMP A,EDLEFSEN P,JURASKA M
31434737,LI S,JANES H,FONG Y,GILBERT P,DECAMP A
25267551,GILBERT P,DECAMP A,JURASKA M
29218117,HURAL J,MCELRATH J,KUBLIN J,GRAY G,COREY L,JURASKA M,GILBERT P,DONNELL D,DECAMP A,HUANG Y
28678869,GILBERT P,DECAMP A
21358627,HURAL J,DUERR A,COREY L,GILBERT P,DECAMP A
28107435,GILBERT P,DECAMP A
22201684,DUERR A,KUBLIN J,DECAMP A,DE R,HUANG Y
19071176,GILBERT P,DECAMP A
22960785,GILBERT P,DECAMP A,EDLEFSEN P,JURASKA M
28329190,DECAMP A
24352443,DECAMP A,EDLEFSEN P
29390150,DECAMP A
25520506,DECAMP A,LIU C
29149197,KUBLIN J,COREY L,JURASKA M,GILBERT P,FIORE-GARTLAND A,DECAMP A,EDLEFSEN P
25599085,GILBERT P,DECAMP A,EDLEFSEN P
24829343,LI S,JANES H,FONG Y,GILBERT P,DECAMP A,EDLEFSEN P
21844392,HUANG Y,DECAMP A,DE R
23349725,GILBERT P,DECAMP A
24504509,GILBERT P,FONG Y,DECAMP A,PARKS R
29325070,GILBERT P,FONG Y,DECAMP A,JANES H
31393868,MAYER B,DECAMP A
21980282,GAO F,DECAMP A,GILBERT P
22398243,DECAMP A,DE R
20608874,GILBERT P,DECAMP A
22952672,GILBERT P,DECAMP A,JANES H,COREY L
19786145,DECAMP A
25253665,HURAL J,DECAMP A,GILBERT P,COREY L
19553335,GILBERT P,DECAMP A
19176632,DECAMP A
18842730,PARKS R,DECAMP A
14580882,DE R
22251671,DE R
15047198,DE R
31301135,FIORE-GARTLAND A,DE R
28239658,JEROME K,KIEM H
15603443,DE R
24918306,FONG Y,DE R
25352070,DE R
24382714,DE R
29684428,DE R
31566579,LI S,DE R
28637884,MOORE M,DE R
23081852,DE R
22852760,RICHARDSON B,DE R,WALD A
22848626,STAMATATOS L,DE R
28576979,DE R,PRLIC M
28158203,DE R,PRLIC M
31743110,DE R
20635156,COREY L,JOHNSTON C,DE R,WALD A
25090110,KUBLIN J,GRAY G
24418500,LUND J,DE R
25648264,KIEM H
28701399,DE R,WALD A
24099601,HURAL J,JANES H,KUBLIN J,COREY L,GILBERT P
28931830,DE R
25407958,DE R
26914908,DE R,FREDRICKS D
29974672,RICHARDSON B,DE R
25965411,DE R
28638735,DE R
16862156,DE R
12514723,DE R
28878775,DE R
25167361,NEWELL E,DE R
24454917,HLADIK F,DE R,MOODIE Z
22626638,FONG Y,DE R
19520082,DE R
14734745,DE R
26372270,JEROME K,KIEM H
28199679,HURAL J,JANES H,SHEN M,COREY L,GILBERT P,DE R
16467198,DE R
27092831,DE R
18292568,DE R,COREY L
19012957,HURAL J,JANES H,COREY L,MOODIE Z,DE R
23719296,KIEM H,PRLIC M
12969561,DE R
22488984,DE R
28931520,GILBERT P,LI S,DE R,COREY L
27583368,KUBLIN J,GRAY G,COREY L,GILBERT P,DE R
26863315,GILBERT P,FIORE-GARTLAND A,DE R,MOODIE Z
27124598,DE R,MOODIE Z
27098021,GRAY G,DE R,COREY L
21216311,DE R,COREY L
15494483,DE R
26587311,GILBERT P
26010577,DE R
27536938,DE R,LEMOS M
21282192,HURAL J
22971780,RICHARDSON B,DE R
24403557,HURAL J
23840043,HURAL J,KUBLIN J,DE R
21451004,HURAL J,HUANG Y,DE R,COREY L
17082660,HUANG Y,DE R
18820174,DE R
21857901,HURAL J,GRAY G,COREY L,MOODIE Z,DE R
21048953,DE R,MOODIE Z
18383309,DE R
17451739,HUANG Y,DE R,MOODIE Z
18615598,HUANG Y,DE R
18383316,DE R
15905333,DE R
11967298,DE R
21423026,DE R
15018701,DE R
17112728,DE R
19372993,DE R
23279040,DIMITROV D
27105983,DIMITROV D
28367539,DIMITROV D
30982082,DIMITROV D
30711064,DONNELL D,DIMITROV D
26844286,KUBLIN J,DIMITROV D,COREY L
29424774,DONNELL D,DIMITROV D,HUGHES J
19818138,DIMITROV D
26990823,DONNELL D,DIMITROV D
27704329,DIMITROV D
31402591,KUBLIN J,DIMITROV D
26908162,JEROME K,KIEM H,SCHIFFER J,JOHNSTON C,DIMITROV D
29666455,GILBERT P,KUBLIN J,DIMITROV D
17184793,DIMITROV D
23075921,DIMITROV D
29206720,DONNELL D,DIMITROV D
27391094,DIMITROV D
30868739,DONNELL D,DIMITROV D,HUGHES J
29893978,DIMITROV D
19278278,DIMITROV D
25640787,DIMITROV D
25473851,DIMITROV D
18761020,DIMITROV D
30300420,DIMITROV D
30890385,GRAY G,DIMITROV D
30668189,DIMITROV D
29554136,DIMITROV D
20871809,DIMITROV D
31025025,DUERR A,DIMITROV D
24828270,DIMITROV D
23435680,DIMITROV D
22110117,DIMITROV D
25347807,DIMITROV D
30839944,DIMITROV D
21558562,DIMITROV D
22880827,DIMITROV D
19278279,DIMITROV D
24490001,DIMITROV D
21840324,DIMITROV D
28618268,DINTWE O
30830940,DINTWE O
23737382,DINTWE O
29545791,DINTWE O
23284056,DINTWE O
25862299,DINTWE O
22784037,DONNELL D
30293490,DONNELL D,HANSCOM B,HUGHES J
29039265,DONNELL D,HANSCOM B
31221591,DONNELL D
27699594,DONNELL D
23764641,DONNELL D
33777327,DONNELL D
24384592,DONNELL D
24785951,DONNELL D
25493602,DONNELL D
31660332,DONNELL D
25038355,DONNELL D
27029778,DONNELL D
27863998,DONNELL D
26731753,DONNELL D
24143205,DONNELL D
28692542,DONNELL D
25587020,DONNELL D
28732773,DONNELL D,FREDRICKS D
21998703,DONNELL D
23815575,DONNELL D,LUND J
24321986,DONNELL D
25885664,DONNELL D
25531343,DONNELL D
24442233,DONNELL D,WALD A
29894385,DONNELL D
24979446,DONNELL D
23945255,LI X,DONNELL D
31314965,SKALLAND T,DONNELL D,EMEL L
23129760,DONNELL D
31272495,DONNELL D
25103167,DONNELL D,GRAY G
27787340,DONNELL D
25835607,DONNELL D,GRAY G
26656786,DONNELL D,LUND J
28100808,DONNELL D,LUND J
27708115,DONNELL D
23079806,DONNELL D
21975269,DONNELL D
24236054,DONNELL D
23056215,LI X,DONNELL D
25564105,DONNELL D
25520426,DONNELL D,LUND J
22785188,DONNELL D
23764624,DONNELL D,HUGHES J
25455979,DONNELL D,HUGHES J
29557855,DONNELL D
24853311,DONNELL D
21471433,DONNELL D,COREY L,WALD A
21785321,DONNELL D,WALD A
25935214,DONNELL D
27828875,DONNELL D,GRAY G
24121753,DONNELL D
21533179,DONNELL D
23801018,JONES D,DONNELL D,HUGHES J
21390540,DONNELL D
21073438,DONNELL D
26914909,DONNELL D
22348195,DONNELL D
27558421,DONNELL D,LUND J
22869103,DONNELL D
20844744,DONNELL D
28899162,DONNELL D
29355224,DONNELL D
27552090,DONNELL D
28453835,DONNELL D
28589504,GRAY G
23187945,HUGHES J
22785048,DONNELL D
25501609,DONNELL D
20537376,DONNELL D
20856886,GRAY G,COREY L,HUGHES J,WALD A,DONNELL D
21963939,DONNELL D
25542477,DONNELL D,GRAY G
24139639,DONNELL D
26414912,LI X,DONNELL D
22926009,DONNELL D
24860664,DONNELL D
23695519,DONNELL D
31194704,DONNELL D
28628702,DONNELL D
28627929,DONNELL D
29369164,DONNELL D
30180860,DONNELL D
20042848,DONNELL D
31840400,DONNELL D
24413311,DONNELL D
24828268,DONNELL D
29355231,DONNELL D
28872272,DONNELL D
23049660,DONNELL D
24999060,DONNELL D
22813645,LI X,DONNELL D
30350406,DONNELL D,EMEL L,HANSCOM B
19552593,DONNELL D
21335592,DONNELL D
24784763,DONNELL D
21943026,DONNELL D,GRAY G
19367173,DONNELL D
22073290,DONNELL D
22174851,DONNELL D,WALD A
25389306,FONG Y,DONNELL D,HUGHES J
28963304,DONNELL D
25861015,DONNELL D
22745608,DONNELL D
20490908,DONNELL D
23874597,DONNELL D,GRAY G
19552592,DONNELL D
21406984,DONNELL D,HUGHES J
24442226,DONNELL D
24058300,DONNELL D
23362861,DONNELL D
19070413,DONNELL D
24454728,DONNELL D
17507467,DONNELL D
16511414,DONNELL D
22283149,DONNELL D
19450038,DONNELL D
25300863,DONNELL D
20666583,DONNELL D
26361174,DONNELL D
21546309,GRAY G
17502727,HUANG Y,DONNELL D
19617849,DONNELL D
23183150,DONNELL D
21769039,DONNELL D
18444795,DONNELL D
28964756,DONNELL D
17885298,DONNELL D
28464041,DONNELL D
17262714,DONNELL D
20949006,DONNELL D
23178437,DONNELL D
26247080,DONNELL D
22241162,DUERR A
23204171,GILBERT P,DUERR A,HUANG Y,COREY L
16838241,DUERR A,COREY L
19512938,DUERR A
14652204,DUERR A
20978374,DUERR A,GRAY G
29263306,DUERR A
20978380,DUERR A
17078486,DUERR A
21278626,DUERR A
12943497,DUERR A
12876898,DUERR A
31157298,DUERR A
16470136,DUERR A
26322580,HURAL J,DUERR A,JANES H,COREY L,GILBERT P
30734210,DUERR A
31060607,DUERR A
25787988,DUERR A
31525225,DUERR A
22561365,GILBERT P,DUERR A,HUANG Y,COREY L
18700814,DUERR A,COREY L
23395921,DUERR A
12578798,DUERR A
30506474,DUERR A
16421802,DUERR A
17502236,DUERR A
30616376,DUERR A
26332672,DUERR A,JANES H,KUBLIN J,GRAY G,COREY L,MOODIE Z,GILBERT P,HUANG Y
11879858,DUERR A
15186529,DUERR A
28056724,DUERR A
15867603,RICHARDSON B,DUERR A
28426357,DUERR A
16010176,DUERR A
16023518,DUERR A
30664074,DUERR A
27088318,DUERR A
29522079,DUERR A
20502284,DUERR A
19104356,DUERR A
16890329,GILBERT P,DUERR A,MCELRATH J,COREY L
19846512,DUERR A
19397436,DUERR A,JONES D
17490970,DUERR A
17415113,DUERR A
15763911,DUERR A
15306269,DUERR A
15021313,DUERR A
21150554,DUERR A,COREY L
17146371,DUERR A
12578797,DUERR A
22162804,DUERR A
17000137,DUERR A
12825181,DUERR A
16646070,DUERR A
12865452,DUERR A
25369172,DUERR A,MOODIE Z,GILBERT P,DE R,HUANG Y
17984759,DUERR A
16775041,DUERR A
22658797,LI S
12636961,DUERR A
21560494,DUERR A
12660919,DUERR A
21383976,DUERR A
20854108,DUERR A,KUBLIN J,GRAY G
11810079,DUERR A
12825180,DUERR A
16648406,DUERR A
16510625,DUERR A
17417133,DUERR A
17420182,DUERR A
18032938,DUERR A
19012954,GILBERT P,DUERR A,COREY L
12172526,DUERR A
19143675,DUERR A
17330786,DUERR A
18805510,DUERR A
17031316,DUERR A
11804551,DUERR A
15980703,DUERR A
12835181,DUERR A
22888412,DUERR A
15633094,DUERR A
15472860,DUERR A
16477565,DUERR A
11873077,DUERR A
15905742,DUERR A
17075387,GILBERT P,DUERR A,MOODIE Z
12552444,DUERR A
12859846,DUERR A
15242540,DUERR A
18513622,DUERR A
12173138,DUERR A
14600064,DUERR A
25462561,DUFF M
28766937,DUFF M
30030232,DUFF M
21179090,DUFF M
21324177,DUFF M
30724552,DUFF M
24670639,DUFF M
25032177,DUFF M
15953384,DUFF M
20615941,DUFF M
21177974,DUFF M
26637016,DUFF M
29901984,DUFF M
19193168,DUFF M
26294687,DUFF M
27753291,DUFF M,DE R
30827375,DUFF M
26294686,DUFF M
25970244,DUFF M
21931288,DUFF M
31237192,DUFF M
27768285,DUFF M
25164755,LI S,DUFF M
22685694,DUFF M
31370351,DUFF M
27641970,DUFF M
28957414,DUFF M
20354124,DUFF M
31003122,DUFF M
26955660,DUFF M
28554381,DUFF M
24985915,DUFF M
28142079,DUFF M
21177962,DUFF M
20921232,DUFF M
28008819,DUFF M
25275541,DUFF M
19945378,DUFF M
27102817,DUFF M
29799537,DUFF M
28661231,DUFF M
16956464,DUFF M
29020453,DUFF M
15523398,LI S,DUFF M
26384170,DUFF M
27872117,DUFF M
22585386,DUFF M,DE R
25540372,DUFF M
25596154,DUFF M
24400247,DUFF M
17597158,LI S,DUFF M
28886117,DUFF M
29263888,DUFF M
16208493,DUFF M
21377863,DUFF M
28100299,DUFF M
24400232,DUFF M
17188168,PARKS R,DUFF M
26407100,DUFF M
24333241,DUFF M
16677693,DUFF M
17034261,DUFF M
15013364,LI S,DUFF M
12364825,DUFF M
16299822,DUFF M
12679317,LI S,DUFF M
23458706,DUFF M
15933632,DUFF M
12734096,LI S,DUFF M
22369433,DUFF M
24517487,DUFF M
24199184,DUFF M
21462996,DUFF M
19856993,DUFF M
16194126,DUFF M
21305160,DUFF M
19845378,DUFF M
19037505,DUFF M
21085738,DUFF M
19835407,DUFF M
16239999,DUFF M
12873993,DUFF M
15013358,LI S,DUFF M
28638104,REEVES D,HLADIK F,DUKE E,SCHIFFER J,PRLIC M
30657904,SCHIFFER J,DUKE E
30446650,SCHIFFER J,DUKE E,REEVES D
20396892,DUKE E
16668516,DUKE E
29216395,FONG Y,DUKE E,JANES H,KUBLIN J
12297629,DUKE E
16668430,DUKE E
17541783,DUKE E
19261716,DUKE E
33873868,DUKE E
23719202,GILBERT P,EDLEFSEN P
28636599,DE R,EDLEFSEN P
20158867,EDLEFSEN P
29334373,DE R,EDLEFSEN P
30933973,GILBERT P,EDLEFSEN P,JURASKA M
25454855,JANES H,KUBLIN J,COREY L,GILBERT P,HUANG Y,EDLEFSEN P
31316007,DE R,EDLEFSEN P
31316006,DE R,EDLEFSEN P
30135445,EDLEFSEN P
24025770,DE R,EDLEFSEN P
23704576,DE R,EDLEFSEN P
30082858,DE R,EDLEFSEN P
29241646,EDLEFSEN P
25599132,EDLEFSEN P
30673723,EDLEFSEN P
25011556,EDLEFSEN P
25105367,LI S,JANES H,FONG Y,GILBERT P,EDLEFSEN P
31277299,GILBERT P,HUANG Y,EDLEFSEN P
29659737,EDLEFSEN P
22961108,EDLEFSEN P
30127007,GILBERT P,FIORE-GARTLAND A,EDLEFSEN P,JURASKA M
24895500,EDLEFSEN P
25734126,EDLEFSEN P
27349335,EDLEFSEN P
27056950,COREY L,EDLEFSEN P,WALD A
25350851,EDLEFSEN P
15684069,HOU J,EDLEFSEN P
31132024,EICHHOLZ K
26325242,EICHHOLZ K
28990553,EICHHOLZ K
27636895,EICHHOLZ K
30125309,EICHHOLZ K
23139807,EICHHOLZ K
25612855,EICHHOLZ K
25540380,EICHHOLZ K
27429191,EMEL L,HANSCOM B,HUGHES J
25247435,EMEL L
30334600,EMEL L
24742266,EMEL L,HUGHES J
30615169,EMEL L
19367174,RICHARDSON B,EMEL L
27798550,EMEL L
30768776,EMEL L
28352984,EMEL L
18277935,EMEL L
24091694,EMEL L
23979002,EMEL L
24697160,EMEL L,HUGHES J
26445283,EMEL L,HUGHES J
23221981,EMEL L
28438932,EMEL L
16522393,EMEL L,BROWN E
25122853,EMEL L
24056163,HUGHES J
14657758,EMEL L
13678973,EMEL L
16136470,EMEL L
28636592,FIORE-GARTLAND A
29559122,FIORE-GARTLAND A
29163498,FIORE-GARTLAND A
31869338,KUBLIN J,FIORE-GARTLAND A,FREDRICKS D,SRINIVASAN S
27551154,FIORE-GARTLAND A
29323175,FIORE-GARTLAND A
31275311,FIORE-GARTLAND A
30302281,FIORE-GARTLAND A
26475930,HURAL J,FIORE-GARTLAND A,MOODIE Z
27378138,FISHER L
31827470,GILBERT P,FISHER L,COREY L,MOODIE Z
23770109,FISHER L
29346184,FISHER L
14763591,FLEMING L
22647704,HLADIK F,FLEMING L
15134608,FLEMING L
12540082,FLEMING L
27093365,FLING S
30651320,FLING S
30482247,FLING S,RAMCHURREN N,CHURCH C
30045932,FLING S
31154457,FLING S
30726175,FLING S,RAMCHURREN N,CHURCH C
21849977,FLING S
18835160,FLING S
19729618,FLING S
15879143,FLING S
23468492,FLING S
15557186,FLING S
12077265,FLING S
14568950,FLING S
29037149,GILBERT P,FONG Y,HUANG Y
30899120,FONG Y,HUANG Y
27858965,GILBERT P,FONG Y,HUANG Y
30590447,FONG Y,HUANG Y,LEMOS M
31462887,FONG Y
31204101,FONG Y,LI S
23926226,GILBERT P,FONG Y
28968816,FONG Y,HUANG Y,LEMOS M
25532524,FONG Y
27058981,FONG Y,HUANG Y
29206722,FONG Y
27642502,FONG Y
26053661,GILBERT P,FONG Y,GAO F,PARKS R
31276477,FONG Y
31274537,FONG Y
29194547,FONG Y,MOODIE Z,JURASKA M,GILBERT P,HUANG Y
25612253,FONG Y
31117986,GILBERT P,FONG Y,JURASKA M
23658446,GILBERT P,FONG Y
24671939,MAYER B,SCHIFFER J,FONG Y,WALD A
29490026,FONG Y
37274811,FONG Y
29479861,FONG Y
29463233,FONG Y
31609927,FONG Y
31115304,FONG Y,MOODIE Z,JURASKA M,GILBERT P,HUANG Y
22021938,HUANG Y,FONG Y
24554666,FONG Y,ZHU J,COREY L,WALD A,JOHNSTON C
29021402,FONG Y,GRAY G
12077420,FONG Y
23661056,GILBERT P,FONG Y,PARKS R
31215662,FONG Y
23631706,FONG Y
19966070,FONG Y
25268493,FONG Y,LEMOS M
16968818,FONG Y
25124089,HUANG Y,FONG Y
24078859,FONG Y
25648332,GILBERT P,FONG Y
19696187,FONG Y
31555284,FORD E
19532052,FORD E
23532479,LI X,FORD E
20505494,FORD E
28387523,FORD E
30289810,FORD E,COREY L,WALD A
20739488,FORD E
26969258,FREDRICKS D
31042160,FREDRICKS D
29020151,FREDRICKS D
31550285,FREDRICKS D,SRINIVASAN S
19968513,FREDRICKS D
16652172,FREDRICKS D
29997295,FREDRICKS D,SRINIVASAN S
25873373,FREDRICKS D,SRINIVASAN S
31628264,FREDRICKS D
30677048,RICHARDSON B,SABO M,SRINIVASAN S,FREDRICKS D
30638028,FREDRICKS D
28053850,FREDRICKS D
11797191,MARTIN T,FREDRICKS D
28640154,FREDRICKS D,SRINIVASAN S,LIU C
30202933,FREDRICKS D,SRINIVASAN S
31585950,PERGAM S,FREDRICKS D
29206774,FREDRICKS D,SRINIVASAN S,LIU C
27861240,FREDRICKS D,SRINIVASAN S
30662827,FREDRICKS D
26267872,FREDRICKS D,SRINIVASAN S
22435877,FREDRICKS D
26107507,FREDRICKS D
27449870,FREDRICKS D,SRINIVASAN S,LIU C
21376827,FREDRICKS D
23174285,FREDRICKS D,LIU C
31287879,RICHARDSON B,FREDRICKS D,SRINIVASAN S
24405280,FREDRICKS D,LIU C
25676470,MAYER B,SCHIFFER J,FREDRICKS D,SRINIVASAN S
28558684,FREDRICKS D
25524398,FREDRICKS D
24220356,FREDRICKS D,LIU C
26156825,FREDRICKS D,LIU C
29225797,PERGAM S,FREDRICKS D
31356530,FREDRICKS D,HUGHES J
25482717,FREDRICKS D,SRINIVASAN S
23168754,FREDRICKS D
21937481,FREDRICKS D
19282975,FREDRICKS D,SRINIVASAN S
18999913,FREDRICKS D
22448002,FREDRICKS D,SRINIVASAN S,LIU C
22414380,FREDRICKS D
12964110,FREDRICKS D
28760896,PERGAM S,FREDRICKS D
30181326,FREDRICKS D,HUGHES J
22808157,FREDRICKS D
32288563,FREDRICKS D
23945426,FREDRICKS D,LIU C
23185346,FREDRICKS D
26222747,FREDRICKS D
26605514,FREDRICKS D,SRINIVASAN S
19920869,FREDRICKS D
20419168,FREDRICKS D,SRINIVASAN S,LIU C
21068695,FREDRICKS D
29478370,FREDRICKS D
15356792,LUND J,FREDRICKS D
16267321,FREDRICKS D
30696752,FREDRICKS D,SRINIVASAN S
29020185,PERGAM S,FREDRICKS D,SRINIVASAN S,LIU C
22693410,FREDRICKS D
33616513,FREDRICKS D,SRINIVASAN S
29396006,RICHARDSON B,FREDRICKS D,SRINIVASAN S
23442261,FREDRICKS D
23056520,FREDRICKS D,LIU C
16225785,FREDRICKS D
29777867,JEROME K,PERGAM S,WAGHMARE A,FREDRICKS D,LIU C,LUND J,BOECKH M
20559445,FREDRICKS D
19139223,FREDRICKS D
15937752,FREDRICKS D
24302980,FREDRICKS D,SRINIVASAN S,LIU C
27239563,FREDRICKS D,SRINIVASAN S
31320290,FREDRICKS D,SRINIVASAN S,LIU C
23020644,FREDRICKS D,LIU C
17687006,FREDRICKS D
28007924,FREDRICKS D,SRINIVASAN S
18487399,FREDRICKS D
21992977,FREDRICKS D
22719852,FREDRICKS D,SRINIVASAN S
16520475,COREY L,LUND J,FREDRICKS D,BOECKH M
22889380,FREDRICKS D,LIU C
21498386,FREDRICKS D
19144794,FREDRICKS D
19515236,FREDRICKS D
18510764,FREDRICKS D
15583275,FREDRICKS D
21791040,FREDRICKS D
16207973,FREDRICKS D
18591634,FREDRICKS D
29794823,FURCH B
30941121,FURCH B
27236679,GAO F
25985906,GILBERT P,LI X
27662407,GILBERT P,HUANG Y,JANES H
26491081,GILBERT P,COREY L
29948579,GILBERT P
29732896,GILBERT P,JANES H,COREY L,GRAY G
15068256,GILBERT P
21508308,GILBERT P,KUBLIN J,COREY L
18363776,GILBERT P
21517791,GILBERT P,HUANG Y
29701875,GILBERT P
28670687,GILBERT P
31827312,GILBERT P
31189712,GILBERT P
31649413,GILBERT P
26006008,GILBERT P,DE R
30787294,GILBERT P
30247601,GILBERT P
26229114,GAO F,PARKS R,GILBERT P,COREY L
29897841,GILBERT P,MOODIE Z
26995733,GILBERT P
26461462,GILBERT P
29892140,GILBERT P
24337534,GILBERT P
30740005,GILBERT P
27037797,GILBERT P,HUANG Y,JANES H
31313349,GILBERT P,HUANG Y
29683765,GILBERT P,HUANG Y,REEVES D,SCHIFFER J
22299708,GILBERT P,HUANG Y,JANES H
25352131,GILBERT P
26722639,GILBERT P,HUANG Y
23878319,GILBERT P,JANES H
27007859,GILBERT P
22049267,GILBERT P
23243491,GILBERT P,KUBLIN J,COREY L
23667279,GILBERT P
27918612,GILBERT P
31748227,HURAL J,KUBLIN J,COREY L,GILBERT P,HUANG Y
23409839,GILBERT P,HUANG Y
31265429,GILBERT P,HUANG Y
24187408,GILBERT P
29028943,GILBERT P
28131393,GILBERT P,HUANG Y,JANES H
33312415,GILBERT P
26511033,GILBERT P,JURASKA M
31513771,GILBERT P,HUANG Y,COREY L
17922394,GILBERT P,COREY L
17266560,GILBERT P
16426900,GILBERT P,MOODIE Z
30543657,GILBERT P,MOODIE Z
28781713,GILBERT P
29488249,GILBERT P
27015273,GILBERT P,LI S
19169384,GILBERT P
23813283,GILBERT P,LI S
28493891,GILBERT P,COREY L
19022314,GILBERT P
31285781,GILBERT P
19091857,GILBERT P
17704528,GILBERT P
25663743,GILBERT P
26368824,KUBLIN J,GRAY G,COREY L,MOODIE Z,GILBERT P
12495131,GILBERT P
17979212,GILBERT P
29898870,KUBLIN J,GRAY G,COREY L,MOODIE Z,GILBERT P
23818843,GILBERT P,COREY L
21402548,GILBERT P
28727817,GILBERT P,HUANG Y
19079758,GILBERT P
14601754,GILBERT P
12590415,GILBERT P
28154793,GILBERT P,HUANG Y
24123289,GILBERT P
24823623,GILBERT P,LI X
16379605,GILBERT P
24086607,GILBERT P
25405724,GILBERT P,KUBLIN J
24660049,GILBERT P
15295694,GILBERT P
12854072,GILBERT P,COREY L
15688279,GILBERT P
31601541,GILBERT P,KUBLIN J,JANES H,COREY L
25641990,GILBERT P
23597282,GILBERT P,KUBLIN J,JANES H
15737083,GILBERT P
20072667,GILBERT P,HUANG Y
16107949,GILBERT P
23181167,KUBLIN J,GRAY G,COREY L,GILBERT P,HUANG Y
20419758,GILBERT P
16789816,GILBERT P
19838313,GILBERT P
15831584,GILBERT P
17608781,GILBERT P
15130048,GILBERT P
30355496,GAO F,GIORGI E
25142591,GAO F,GIORGI E
25540368,STAMATATOS L,GRAY G,GIORGI E
27434311,GAO F,KUBLIN J,GRAY G,GIORGI E
26089353,GOO L
31820734,GOO L
24859529,GOO L
22740394,GOO L
22837204,RICHARDSON B,GOO L
25378497,GOO L
23856624,GOO L
29261232,GRAHAM J,LUND J
27806117,GRAHAM J,LUND J
31415679,GRAHAM J,LUND J
29166619,GRAHAM J,LUND J
31036644,GRAHAM J,LUND J
30371803,GRAHAM J,LUND J
28094802,GRAHAM J,LUND J
24337378,GRAHAM J,LUND J
25944860,GRAHAM J,LUND J
22848738,GRAHAM J,SHEN M,LUND J
24023717,GRAHAM J
26985884,GRAY G,COREY L
25170103,GRAY G,COREY L
30047376,GRAY G
31099956,GRAY G,COREY L
26578538,GRAY G,HUGHES J,WALD A
25928881,GRAY G,WALD A
31308962,KUBLIN J,ANDRASIK M,GRAY G
29594618,HUANG Y,KUBLIN J,ANDRASIK M,GRAY G
24963269,GRAY G,COREY L,WALD A
28525965,GRAY G
28824960,GRAY G
26142452,GRAY G,HUGHES J,WALD A
26951820,KUBLIN J,GRAY G
26423888,GRAY G
31095007,HURAL J,LEMOS M,KUBLIN J,GRAY G,ANDRASIK M,HUANG Y
30996101,GRAY G,WALD A
25401780,GRAY G
27079900,GRAY G
26704611,WALD A
28360202,GRAY G,COREY L
31345931,GRAY M,MCGUIRE A,TAYLOR J,PANCERA M,STAMATATOS L
26997349,STAMATATOS L,MCGUIRE A,GRAY M
26091035,STAMATATOS L,LIU C,MCGUIRE A,GRAY M
31345930,STRONG R,GRAY M,MCGUIRE A,TAYLOR J,PANCERA M,STAMATATOS L
26004070,GRAY M,STAMATATOS L,PANCERA M,ZHANG B
30395637,STAMATATOS L,MCGUIRE A,GRAY M
29666227,STAMATATOS L,MCGUIRE A,GRAY M
26061095,GRAY M
29669253,PANCERA M,MCGUIRE A,GRAY M
26907590,STAMATATOS L,STRONG R,MCGUIRE A,GRAY M
30403372,STAMATATOS L,PANCERA M,MCGUIRE A,GRAY M
26944928,STAMATATOS L,GRAY M
29067313,GUARINO P
28887378,GUARINO P
30175228,GUARINO P
30580725,GUARINO P
29966477,GUARINO P
26279130,GUARINO P
27449769,GUARINO P
28939682,GUARINO P
29016565,GUARINO P
33500939,GUARINO P,LI L
28975241,GUARINO P
31160565,HAHN W
29287587,HUGHES J
17538085,HANSCOM B
17119140,HANSCOM B
18287602,HANSCOM B
28966842,HANSCOM B
31541541,HANSCOM B
23639207,HANSCOM B
27480454,HANSCOM B
30600453,HANSCOM B
29316523,HANSCOM B
18306393,HANSCOM B
12195074,HANSCOM B
18504093,HANSCOM B
29186421,HANSCOM B
31600343,HANSCOM B
20837957,HANSCOM B
12045523,HANSCOM B
17674194,HANSCOM B
17700451,HANSCOM B
16517382,HANSCOM B
18777603,HANSCOM B
11805698,HANSCOM B
16651227,HANSCOM B
14520044,HANSCOM B
17119141,HANSCOM B
11805697,HANSCOM B
16582855,HANSCOM B
16825051,HANSCOM B
15682020,HANSCOM B
11805668,HANSCOM B
15471657,HANSCOM B
12642770,HANSCOM B
16924216,HANSCOM B
30191830,HANSCOM B
17630138,SHEN M,HANSCOM B
12973155,HANSCOM B
15770168,HANSCOM B
16712622,HANSCOM B
16688042,HANSCOM B
16868238,HANSCOM B
31153807,HILL J
31467131,HILL J
29988505,HILL J
25015494,HILL J
31567413,HILL J
25462438,JEROME K,HILL J
31416717,HILL J
25285614,HILL J
26477747,COOPER R,HILL J
28343394,HILL J
31394271,HILL J,LUND J,PERGAM S
29952184,HILL J
31446199,HILL J
27057759,HILL J
30785776,HILL J
29589865,HILL J
29460177,HILL J
25821919,JEROME K,HILL J,BOECKH M
25193193,HILL J
26888901,JEROME K,HILL J,BOECKH M
28949218,HILL J
28039754,HILL J,PERGAM S,BOECKH M
31020306,HILL J
28319344,HILL J
30677427,HILL J
31092900,HILL J
30429336,JEROME K,HILL J,BOECKH M
30696997,HILL J
25866163,HILL J
25066883,JEROME K,HILL J,BOECKH M
22564265,HILL J
25632268,HILL J
27533044,HILL J
25892969,HILL J
27841402,HILL J
23224426,HLADIK F
18469831,HLADIK F
27232996,HLADIK F
19149993,HLADIK F
25647729,HLADIK F
21109065,HLADIK F
26380071,HLADIK F
25803485,HLADIK F
31312028,HLADIK F,LUND J,HYRIEN O,PRLIC M
29271128,HLADIK F
18684009,HLADIK F
30152229,HLADIK F,SRINIVASAN S
25267620,HLADIK F
21976645,HLADIK F
30944862,JEROME K,ROYCHOUDHURY P,SCHIFFER J,HLADIK F
31622420,HLADIK F,PRLIC M
26077233,HLADIK F
26976225,HLADIK F
30585845,HLADIK F
26118309,HLADIK F
19842793,HLADIK F
21858008,HLADIK F
24838567,HLADIK F
19648930,HLADIK F,ZHU J,COREY L,WALD A,JOHNSTON C
26977578,HLADIK F
17306567,HLADIK F
23392465,DUERR A,HLADIK F
19706707,HLADIK F
23573238,HLADIK F
16227095,HLADIK F
12928421,HLADIK F
15812562,HLADIK F,COREY L
25054205,RICHARDSON B,HLADIK F
17325200,HLADIK F,ZHU J,COREY L,WALD A
19000021,HLADIK F
19949052,HLADIK F
16453266,HLADIK F,COREY L,WALD A
16140745,HLADIK F
25129146,HUANG Y,LI X,LIU C
23881548,HUANG Y
31650095,HUANG Y
28276080,HUANG Y
23193062,HUANG Y
24204441,HUANG Y
30778402,HUANG Y
30209824,HUANG Y
26863423,HUANG Y
24889663,HUANG Y,JANES H
24348880,HUANG Y
28642461,HUANG Y
28653408,HUANG Y
23606784,HUANG Y
18755739,HUANG Y
22410340,HUANG Y
22771729,HUANG Y
17982157,HUANG Y
25948620,HUANG Y
30617132,HUANG Y
30615119,HURAL J,HUANG Y
25190513,HUANG Y
22822247,HUANG Y
24277763,HUANG Y
18064569,HUANG Y
24108790,HUANG Y
28031191,HUANG Y
22730452,HUANG Y
21206366,HUANG Y
26566275,HUANG Y
21702935,HUANG Y
25190512,HUANG Y,JANES H
20487071,HUANG Y
22794791,HUANG Y
30333177,HUANG Y,ZHU J,COREY L
24747429,HUANG Y
24552750,HUANG Y
28758224,HUANG Y
19841649,HUANG Y
25733690,HUANG Y
30915444,HUANG Y
26549697,HUANG Y
31018921,HUANG Y
26431551,HUANG Y
26883772,HUANG Y
20056625,HUANG Y
21765003,HUANG Y
26998508,HUANG Y
28446501,HUANG Y
19861516,HUANG Y
27446505,HUANG Y
22071707,HUANG Y
23811760,HUANG Y,JANES H
33033531,HUANG Y,DASGUPTA S
22764070,HUANG Y,LI S,MOODIE Z
31061986,HUANG Y
24889787,HUANG Y,JANES H
23193203,HUANG Y
23872613,HUANG Y,JANES H,MOODIE Z
26826543,HUANG Y
21709567,HUANG Y
27913647,HUANG Y
26133091,HUANG Y
16959262,HURAL J,HUANG Y,MOODIE Z
28970080,HUANG Y
28687661,HUANG Y,MCELRATH J,HOU J
31473167,HUANG Y
29297230,HUANG Y
21860356,HUANG Y,JANES H,COREY L
23110243,HUANG Y
29136037,HURAL J,HUANG Y,COREY L
26432246,HUDDLESTON J
28155877,HUDDLESTON J
12438878,HUDDLESTON J
27034376,HUDDLESTON J
27053122,HUDDLESTON J
27907889,HUDDLESTON J
14714923,HUDDLESTON J
28580430,HUDDLESTON J
29295848,HUDDLESTON J
23644548,HUDDLESTON J
14714925,HUDDLESTON J
26668394,HUDDLESTON J
27356984,HUDDLESTON J
23884656,HUDDLESTON J
26749308,HUDDLESTON J
26249230,HUDDLESTON J
28279197,HUDDLESTON J
25383537,HUDDLESTON J
25209798,HUDDLESTON J
29092041,HUDDLESTON J
25373144,HUDDLESTON J
25326701,HUDDLESTON J
24418700,HUDDLESTON J
27895111,HUDDLESTON J
29272536,HUDDLESTON J
27803192,HUDDLESTON J
27487209,HUDDLESTON J
23825009,HUDDLESTON J
24077392,HUDDLESTON J
23892896,HUDDLESTON J
29686068,HUDDLESTON J
27207956,HUDDLESTON J
23541343,HUDDLESTON J
16319264,HUDDLESTON J
30390642,HUDSON A
16829207,HUGHES J
29697595,HUGHES J
26247569,HUGHES J
27566912,HUGHES J
22132548,HUGHES J
22439531,HUGHES J
31225589,HUGHES J
23061422,HUGHES J,WALD A
23250272,HUGHES J,WALD A
20601929,HUGHES J
29346385,HUGHES J
21399681,COREY L,HUGHES J,WALD A
21736190,HUGHES J
28472225,HUGHES J
29975689,HUGHES J
28412466,HUGHES J,LI L
28328548,HUGHES J
28051896,HUGHES J
27448488,HUGHES J
30415429,HUGHES J
27532476,HUGHES J
28667755,HUGHES J
26267875,HUGHES J
31259853,HUGHES J
31423351,HUGHES J
26885806,HUGHES J
29420695,HUGHES J
30522410,HUGHES J
33007794,HUGHES J
26415892,HUGHES J
25976733,HUGHES J
22408713,HUGHES J
30289813,HUGHES J
28395528,HUGHES J
14969473,RICHARDSON B,HUGHES J
30985638,HUGHES J
29985265,HUGHES J
20812849,HUGHES J
19077921,HUGHES J
29762176,HUGHES J
12825183,HUGHES J
26562696,HUGHES J
23064535,HUGHES J
18769346,HUGHES J
27603293,HUGHES J
19698077,HUGHES J
21992987,HUGHES J
19707108,HUGHES J
22241800,HUGHES J,WALD A
21264288,HUGHES J
27009602,HUGHES J
26977748,HUGHES J
26071614,HUGHES J
18179386,HUGHES J
23277896,HUGHES J
23223595,HUGHES J
27180715,HUGHES J
21931828,HUGHES J
22330926,COREY L,HUGHES J,WALD A
26246068,LI X,HUGHES J
25473042,HUGHES J,WALD A
29905502,HUGHES J
29381257,SHAPIRO A,HUGHES J
29608615,HUGHES J
19434913,HUGHES J
20089951,GRAY G,COREY L,HUGHES J,WALD A
21104007,HUGHES J,WALD A
21099672,HUGHES J
31490342,HUGHES J
29807806,HUGHES J
19647066,HUGHES J
26891839,HUGHES J
12599046,RICHARDSON B,HUGHES J
23764638,HUGHES J
23064533,HUGHES J
29641561,HUGHES J
25883065,HUGHES J
29223580,HUGHES J
27608663,HUGHES J
23901094,COREY L,WALD A
30870322,HUGHES J
30819011,HUGHES J
12115570,HUGHES J
31169772,HUGHES J
21173170,HUGHES J
27094785,RICHARDSON B,HUGHES J
27240790,HUGHES J
31335588,HUGHES J
29485746,HUGHES J
31180261,HUGHES J
22183840,COREY L,HUGHES J,WALD A
27846074,HUGHES J
21990420,HUGHES J
30865051,HUGHES J
19131906,HUGHES J
30051719,HUGHES J
29847479,HUGHES J
17463380,HUGHES J
29326192,HUGHES J
25217779,HUGHES J
19235870,HUGHES J
21372723,HUGHES J
27469061,HUGHES J
12634640,HUGHES J
29465679,HUGHES J
26464502,HUGHES J
18694334,HUGHES J
28052328,HUGHES J
30596746,HUGHES J
17413683,HUGHES J
31521513,HUGHES J
28902703,HUGHES J
30673710,HUGHES J
18266044,HUGHES J
22209292,HUGHES J
21415020,HUGHES J
27142058,RICHARDSON B,HUGHES J
28692544,HUGHES J
22899778,HUGHES J
31169769,HUGHES J
27121353,HUGHES J
12890634,HUGHES J
19188628,HUGHES J
25590331,HUGHES J
25954812,HUGHES J
25941053,HUGHES J
19318437,HUGHES J
24852136,HUGHES J
22341824,HUGHES J
26792221,HUGHES J
12410003,HUGHES J
15688287,HUGHES J
21098055,HUGHES J
31101617,HUGHES J
27246610,HUGHES J
20570905,HUGHES J
29465681,HUGHES J
15327614,HUGHES J
25868138,HUGHES J
19372848,HUGHES J
22878023,HUGHES J
12543621,HUGHES J
26399237,HUGHES J
19848609,HUGHES J
20592553,HUGHES J
31353814,HUGHES J
18089690,HUGHES J
18989224,WALD A
15097158,HUGHES J
26885769,HUGHES J
24136492,HUGHES J
18366687,HUGHES J
14520174,HUGHES J
12529874,HUGHES J
16790697,HUGHES J
17137513,HUGHES J
19838129,HUGHES J,WALD A
15195255,HUGHES J
22296979,HUGHES J
20660592,HUGHES J
27687145,HUGHES J
27815148,HUGHES J
17972366,HUGHES J
22797688,HUGHES J
17955430,HUGHES J
17279049,HUGHES J
28986029,HUGHES J
12681866,HUGHES J
23129758,HUGHES J
17065848,HUGHES J
15716561,HUGHES J
18313636,HUGHES J
16316777,HUGHES J
25601912,HUGHES J
20153888,GRAY G,COREY L,HUGHES J,WALD A
15286025,HUGHES J
22394448,HUGHES J
21172026,HUGHES J
20332366,HUGHES J
23372738,HUGHES J
28097616,HUGHES J
12365959,HUGHES J
23486493,HUGHES J
14601751,HUGHES J
20023441,HUGHES J
31577792,HUGHES J
31013275,HUGHES J
20071193,HUGHES J
16685704,RICHARDSON B,HUGHES J
27126488,HUGHES J
26462185,HUGHES J
15494917,HUGHES J
15779091,HUGHES J
11927494,HUGHES J
22928466,HUGHES J
19194309,HUGHES J
12762455,RICHARDSON B,HUGHES J
15568209,RICHARDSON B,HUGHES J
17328804,HUGHES J
29773020,HURAL J
25649349,HURAL J
25271627,HURAL J,HUANG Y,GILBERT P
22492863,HURAL J
21179404,HURAL J,HUANG Y
19536325,HURAL J
21619905,HURAL J,GRAY G
26761518,HURAL J,MCELRATH J
24403525,HURAL J
22496775,HURAL J,COREY L
24709391,HURAL J
22242162,HURAL J
20888337,HURAL J
12077288,HURAL J
29649442,HURLBURT N
27401545,HURLBURT N
30148881,HURLBURT N
28644946,HYRIEN O
26103163,HYRIEN O
21801108,HYRIEN O
22379269,HYRIEN O
20065687,HYRIEN O
31156271,HYRIEN O
19965957,HYRIEN O
24836297,HYRIEN O
20708854,HYRIEN O,STONE D
21773970,HYRIEN O
24120380,HYRIEN O
19386252,HYRIEN O
19864600,HYRIEN O
20041754,HYRIEN O
29641537,HYRIEN O
25598541,HYRIEN O
15850931,HYRIEN O
25593768,HYRIEN O
20202993,HYRIEN O
22967270,HYRIEN O
20569476,HYRIEN O
18302449,HYRIEN O
18045666,HYRIEN O
21056994,HYRIEN O
28479847,HYRIEN O
24766454,HYRIEN O
19196657,HYRIEN O
27228053,HYRIEN O
26297253,HYRIEN O
17686648,HYRIEN O
19647953,HYRIEN O
20065686,HYRIEN O
12518338,HYRIEN O
19675172,HYRIEN O
18520792,HYRIEN O
23074355,HYRIEN O
21821704,HYRIEN O
24392353,HYRIEN O
19580776,HYRIEN O
21552356,HYRIEN O
16171827,HYRIEN O
16707014,HYRIEN O
15737094,HYRIEN O
27134694,HYRIEN O
15748733,HYRIEN O
20732974,HYRIEN O
23729950,HYRIEN O
19580775,HYRIEN O
23729973,HYRIEN O
19786117,HYRIEN O
28129522,JANES H
23624212,JANES H
21407270,JANES H
24240655,JANES H
20203259,JANES H
15105181,JANES H
20046933,JANES H
28819997,JANES H
18612128,JANES H
30649998,JANES H
31104561,JANES H
26109106,JANES H
28960244,JANES H
29156498,JANES H
29444553,JANES H
24681599,JANES H
21571811,JANES H
20161343,JANES H
26112650,JANES H
26343159,JANES H
21434890,JANES H
21424820,JANES H
24029738,KUBLIN J,JANES H
27001493,JANES H
21320940,JANES H
22822245,JANES H
27649715,GILBERT P,HUANG Y,JANES H
18840817,JANES H
31536518,JANES H
28818434,JANES H
23196933,KUBLIN J,JANES H
17185253,JANES H
27247223,JANES H
17085745,JANES H
16428259,JANES H
19939925,GILBERT P,JANES H
17568215,JANES H
18477651,JANES H
19017593,JANES H
17679623,JANES H
15546133,JANES H
24695044,HUANG Y,JANES H
16222160,JANES H
21414753,JANES H
18223484,JANES H
18922395,JANES H
23524037,JANES H
17501939,JANES H
24384634,KUBLIN J,JANES H
15951711,JANES H
15568185,JANES H
28298452,JEROME K
14736935,JEROME K,COREY L
27272125,JEROME K,STONE D
22305563,JEROME K,KIEM H
27031009,JEROME K
23478911,JEROME K,KIEM H,STONE D
18287237,JEROME K
31551348,JEROME K
32362789,JEROME K
24724628,JEROME K
23182074,JEROME K
26941149,JEROME K
28287142,JEROME K,JOHNSTON C,WALD A
31551347,JEROME K
27974546,JEROME K
28870221,JEROME K
27855263,JEROME K
26611228,JEROME K,WALD A
23052312,JEROME K
31389049,JEROME K,LUND J
28254976,JEROME K
26829887,JEROME K,ROYCHOUDHURY P,STONE D
15976098,JEROME K,COREY L
28468878,JEROME K
24081123,JEROME K,STONE D
24003063,JEROME K
29498483,JEROME K,LUND J,WAGHMARE A
27197676,JEROME K
30383234,JEROME K,ROYCHOUDHURY P,WALD A
29263840,SCHIFFER J,JEROME K
27090632,JEROME K,ROYCHOUDHURY P,SCHIFFER J,STONE D
27280621,JEROME K
24871214,JEROME K
30361514,JEROME K,KIEM H
29996827,JEROME K,REEVES D,ROYCHOUDHURY P,MAYER B,SCHIFFER J,STONE D
28379561,JEROME K,LUND J,WAGHMARE A
31434723,JEROME K
25277746,JEROME K
28209840,JEROME K
29672640,JEROME K,KIEM H
23678068,JEROME K
27881615,JEROME K
29215460,JEROME K
23044657,JEROME K
26017150,JEROME K,LUND J
31097593,JOHNSTON C
27599164,JOHNSTON C
30082754,JOHNSTON C
25237653,JOHNSTON C
24910715,JOHNSTON C
28934361,JOHNSTON C
25024367,JOHNSTON C
30385002,JOHNSTON C
25530808,JOHNSTON C
24970433,JOHNSTON C
22285831,JONES D
25964336,JONES D
24810475,JONES D
22904078,JONES D
29769448,JURASKA M
29296883,JURASKA M
26488565,BEDFORD T,GILBERT P,JURASKA M
23421613,GILBERT P,JURASKA M
20435179,JURASKA M
24681759,KALLUR S
20850487,KASK A
23657257,ZHU J,KASK A,COREY L,WALD A,JOHNSTON C
20851091,KASK A
22761381,SCHIFFER J,KASK A,WALD A
15451457,KIEM H
18357342,KIEM H
16645714,KIEM H
20403449,KIEM H
18410895,KIEM H
24512963,KIEM H
18022575,KIEM H
17440443,KIEM H
18394775,KIEM H
16635793,KIEM H,WARREN E,BOECKH M
17487744,LI X,KIEM H
23587923,KIEM H
18838202,KIEM H
12543864,KIEM H
17510218,KIEM H
16631413,KIEM H
15253281,KIEM H
12014809,KIEM H
14739227,KIEM H
19336761,KIEM H
19887033,KIEM H
16687492,KIEM H
14617759,KIEM H
12423678,KIEM H
15345282,KIEM H
17411365,KIEM H
12816869,KIEM H
21263156,WARREN E,KIEM H
16968897,KIEM H
15983549,KIEM H
17875719,KIEM H
19450760,KIEM H
15194058,KIEM H
15960598,KIEM H
12847331,KIEM H
12393453,KIEM H
21787196,KIEM H
20626083,KIEM H
11858190,KIEM H
15006605,KIEM H
12149198,WARREN E,KIEM H
18842099,KIEM H
18092920,KIEM H
17536975,KIEM H
19616601,KIEM H
15596407,KIEM H
17588482,KIEM H
16637742,KIEM H
16390267,KIEM H
17105396,KIEM H
15479725,KIEM H
15779864,KIEM H
17518616,KIEM H
12869503,KIEM H
14512305,KIEM H
17421055,KIEM H
16822905,KIEM H
12031122,KIEM H
25428938,KUBLIN J
24033299,KUBLIN J
29176431,KUBLIN J
16323123,KUBLIN J
19050380,KUBLIN J,COREY L
11756042,KUBLIN J
16323101,KUBLIN J
17893303,KUBLIN J
28053159,KUBLIN J
28538691,KUBLIN J
12803862,KUBLIN J
24795481,KUBLIN J
9620719,KUBLIN J
25672905,KUBLIN J
28526032,KUBLIN J
30585505,KUBLIN J
24857015,KUBLIN J
31017084,KUBLIN J,WALD A
25640612,KUBLIN J
24104693,KUBLIN J,GRAY G
17158329,KUBLIN J
15499534,KUBLIN J
16127028,KUBLIN J
23859840,KUBLIN J,ANDRASIK M
12792863,KUBLIN J
17092820,KUBLIN J
11807721,KUBLIN J
12234881,KUBLIN J
19929694,KUBLIN J,BROWN E
27528946,KUBLIN J
27528958,KUBLIN J
11906775,KUBLIN J
21533229,HUANG Y,KUBLIN J
12546114,KUBLIN J
11589941,KUBLIN J
15304000,KUBLIN J
12886812,KUBLIN J
12450702,KUBLIN J
15652606,KUBLIN J
12387962,KUBLIN J
14090996,KUBLIN J
16107950,KUBLIN J
15183620,KUBLIN J
15772319,KUBLIN J
10950805,KUBLIN J
14757706,KUBLIN J
1480381,KUBLIN J
27528930,KUBLIN J
29412886,LEMOS M,MENON M
21199913,LEMOS M
18951047,LEMOS M
21859958,LEMOS M
15735653,LEMOS M
15240690,LEMOS M
14607905,LEMOS M
14993255,LEMOS M
22289434,LI S,ZHANG B
20099195,LI S,LI L
21254215,LI S,ZHANG B
15977294,LI S
16434165,LI S
21518453,LI S
19543401,LI S
30235286,LI S
18628435,LI S,LI L
17219374,LI S
16786511,LI S
19843669,LI S,LI L
12042456,LI S
14623910,LI S
22837492,GILBERT P,LI S
21666065,LI S,LI L
16474153,LI S
19900941,LI S,LI L
19336732,LI S,LI L
15767337,LI S
17374650,LI S,LI L
17855695,LI S
16570139,LI S
14557108,LI S
16351761,LI S
12704570,LI S
17261196,LI S
32011834,LIU C
29360277,LIU C
29437651,LIU C
29746941,PERGAM S,LIU C
30601989,LIU C
29589825,PERGAM S,LIU C
30711778,PERGAM S,LIU C
30590721,LIU C
26208895,LI X
20094044,LI X
30867038,LI X
29486792,LI X
29476056,LI X
26374103,LI X
25333822,LI X,TAPSOBA J
24253313,LI X
25280564,LI X
26130253,LI X
19407369,LI X
19043591,LI X
19417022,LI X
26230607,LI X
18052545,LI X
17326708,LI X
24282417,LI X
26076489,LI X
29250210,LI X
21390279,LI X
15492292,LI X
16537709,LI X
19138988,LI X
24602132,LI X
15150093,LI X
26615099,LUND J
30129205,SCHIFFER J,LUND J,PRLIC M
30045971,ZHU J,ROYCHOUDHURY P,COREY L,WALD A,SCHIFFER J,PRLIC M,LUND J
17272685,LUND J
31335802,LUND J
18436744,LUND J
15034168,LUND J
20140199,LUND J
19855131,LUND J
17114418,LUND J
18695219,LUND J
30793694,MARTIN T
30793696,MARTIN T
30898164,MARTIN T
30793695,MARTIN T
18974084,MATRAJT L
27651417,COREY L,WALD A,MAYER B,SCHIFFER J,MATRAJT L
21573121,MATRAJT L
27268778,MATRAJT L
23555207,MATRAJT L
19745114,MATRAJT L
29026166,OREM J,COREY L,WALD A,MAYER B,SCHIFFER J,MATRAJT L
26616038,MATRAJT L
21085686,MATRAJT L
21427173,MATRAJT L
22325011,MATRAJT L
19679750,MATRAJT L
24390339,SCHIFFER J,MATRAJT L,KIEM H
28839090,MAYER B,SCHIFFER J
30133707,MAYER B
23592542,MAYER B
28381570,MAYER B,SCHIFFER J,COREY L,WALD A
21068030,MAYER B
29107838,MCCRONE J
27571422,MCCRONE J
29683424,MCCRONE J
29953453,MCCRONE J
28141862,MCCRONE J
27194763,MCCRONE J
19945425,MCCRONE J
27065304,MCCRONE J
25015856,MCCULLOCH D
24505214,MCCULLOCH D
25908275,MCELRATH J
22851315,MCELRATH J
16847956,MCELRATH J
28133796,STAMATATOS L,MCGUIRE A,PANCERA M
30946041,MCGUIRE A
30975893,STAMATATOS L,TAYLOR J,MCGUIRE A
30913265,STAMATATOS L,MCGUIRE A,GRAY M
26588775,STAMATATOS L,MCGUIRE A
29241550,STAMATATOS L,MCGUIRE A
27610571,STAMATATOS L,MCGUIRE A
31142836,STAMATATOS L,MCGUIRE A
29093093,MCGUIRE A
25504724,STAMATATOS L,MCGUIRE A
22008473,MCGUIRE A
30552024,STAMATATOS L,MCGUIRE A
24788925,STAMATATOS L,MCGUIRE A
23300456,STAMATATOS L,STRONG R,MCGUIRE A
28847869,STAMATATOS L,MCGUIRE A
19812255,MCGUIRE A
27806295,STAMATATOS L,MCGUIRE A,PANCERA M
30037665,STAMATATOS L,MCGUIRE A
23530120,STAMATATOS L,MCGUIRE A
25841051,STAMATATOS L,MCGUIRE A
17203074,MCGUIRE A
24352455,STAMATATOS L,MCGUIRE A
21289100,MCGUIRE A
19370060,MCGUIRE A
24855282,MEISNER A
28795578,MEISNER A
28683730,MEISNER A
29157119,MEISNER A
25642328,MEISNER A
26086764,MEISNER A
26986253,MEISNER A
29344362,MEISNER A
31093558,MEISNER A
30787130,TAYLOR J,MENON M
17484236,MENON M
30663774,WARREN E,MENON M
30099375,TAYLOR J,MENON M
26880780,MENON M
31056762,WARREN E,MENON M
30241147,PHIPPS W,OREM J,MENON M
25002302,MENON M
26055748,MENON M
23341368,MENON M
25654731,MENON M
23008978,MENON M
27429190,ANDRASIK M
29355352,ANDRASIK M
29528941,ANDRASIK M
31259767,ANDRASIK M
29695184,ANDRASIK M
23698682,ANDRASIK M
28799477,ANDRASIK M
30865171,ANDRASIK M
29395528,ANDRASIK M
23446435,ANDRASIK M
23857517,ANDRASIK M
18677078,ANDRASIK M
31218545,ANDRASIK M
22545977,ANDRASIK M
21375430,ANDRASIK M
21087122,ANDRASIK M
30343422,ANDRASIK M
21852096,ANDRASIK M
30739638,ANDRASIK M
27553008,ANDRASIK M
30517057,ANDRASIK M
31176538,ANDRASIK M
24215167,ANDRASIK M
19911481,ANDRASIK M
31162292,ANDRASIK M
19424809,ANDRASIK M
23764634,ANDRASIK M
29067843,ANDRASIK M
18805249,ANDRASIK M
22984780,ANDRASIK M
27182463,ANDRASIK M
24163573,ANDRASIK M
23740468,ANDRASIK M
25711296,ANDRASIK M
23206202,ANDRASIK M
28934964,MINOT S
30953547,MINOT S
27771207,MINOT S
28194314,MINOT S
30871856,MINOT S
25815165,MINOT S
31370880,MINOT S
28327976,MINOT S
30911687,MONTANO M
28685417,MOYSI E
26830285,MOYSI E
29967602,MOYSI E
29227356,MOYSI E
30081906,MOYSI E
29781814,MOYSI E
29664020,MOYSI E
29911996,MOYSI E
30308061,MOYSI E
29474450,MOYSI E
26678998,MOYSI E
28100833,MOYSI E
28580437,MOYSI E
22808100,MOYSI E
17392364,STAMATATOS L,MOYSI E
30817809,MOYO N
30547051,MOYO N
31367651,PARKS R,MOYO N
23461413,MOYO N
31156614,MOYO N
29772028,MOYO N
28719652,MOYO N
25531566,MOYO N
27311020,MOYO N
30531897,NEWELL E
30343900,NEWELL E
29466759,NEWELL E
31474513,NEWELL E
29769722,NEWELL E
28473638,NEWELL E
27637149,NEWELL E
29768164,NEWELL E
26054720,NEWELL E
31015597,NEWELL E
27434000,NEWELL E
29140572,NEWELL E
28514678,NEWELL E
27511159,NEWELL E
29655022,NEWELL E,LI S
25080479,NEWELL E
21760610,NEWELL E
29298781,NEWELL E
24441473,NEWELL E
24096316,NEWELL E
24367368,NEWELL E
24638855,NEWELL E
26542719,NEWELL E
27798817,NEWELL E
31015655,NEWELL E
26420710,NEWELL E
29686665,NEWELL E
30623762,NEWELL E
31534124,NEWELL E
29298302,NEWELL E,LI S
20202921,NEWELL E
31077105,NEWELL E
30445041,NEWELL E
31213723,NEWELL E
29931307,NEWELL E
29731749,NEWELL E,LI S
29768165,NEWELL E
31685823,NEWELL E
29510451,NEWELL E
29925993,NEWELL E
28614294,NEWELL E
26365185,NEWELL E
30087444,NEWELL E
30540942,NEWELL E
25306126,NEWELL E
25992863,NEWELL E
25150997,NEWELL E
26163591,NEWELL E
25255099,NEWELL E
27986455,NEWELL E
29343684,NEWELL E
28707004,NEWELL E
28483682,NEWELL E
29262348,NEWELL E
27662185,NEWELL E
25437561,NEWELL E
29531161,NEWELL E
29309050,NEWELL E
30084841,NEWELL E
26850658,NEWELL E
27521270,NEWELL E
28620372,NEWELL E
26667171,NEWELL E
21490152,NEWELL E
23748502,NEWELL E
30587582,NEWELL E
31757672,NEWELL E
20164930,NEWELL E
19543286,NEWELL E
26074076,NEWELL E
30737354,NEWELL E,ZHU Y
22660579,NEWELL E
30728081,NEWELL E
30862955,NEWELL E
25713364,NEWELL E
12374777,NEWELL E,DE R,WALLACE S
14726372,NEWELL E
24353159,NEWELL E
23878218,NEWELL E
22960222,NEWELL E
31511069,NEWELL E
28077649,NEWELL E
27986910,NEWELL E
19411837,NEWELL E
22265676,NEWELL E
17927776,NEWELL E
12904301,NEWELL E
18690036,NEWELL E
11893742,NEWELL E
24587194,NEWELL E
25378645,NEWELL E
16020460,NEWELL E
11923279,NEWELL E
30241258,PHIPPS W,OREM J
23486453,OREM J
25002726,PHIPPS W,OREM J
29296767,OREM J,WARREN E
30840316,OREM J
31205984,PHIPPS W,OREM J
26419306,OREM J
29381560,PHIPPS W,OREM J
28107226,PHIPPS W,OREM J
30504187,PHIPPS W,OREM J,WARREN E
29296973,OREM J,WARREN E
31157502,OREM J
30307805,PHIPPS W,OREM J,WALD A
23921614,PHIPPS W,RICHARDSON B,OREM J
30726290,PHIPPS W,OREM J,WALD A
29389998,PHIPPS W,OREM J,MENON M
27325412,OREM J
26486633,PHIPPS W,OREM J,COREY L,WALD A
24904686,OREM J
27926458,OREM J
30557332,PHIPPS W,OREM J
25844696,PHIPPS W,OREM J
26917575,JEROME K,OREM J,COREY L,WALD A,SCHIFFER J
12690344,PAEZ C
16358999,PAEZ C
28422787,PANCERA M
27478931,PANCERA M,ZHANG B
29554083,PANCERA M,ZHANG B
24590074,PANCERA M
28445724,STAMATATOS L,ZHANG B,PANCERA M
29451984,PANCERA M
29212041,PANCERA M
28298421,PARKS R,PANCERA M
27174988,PANCERA M
28825711,PANCERA M
29051495,PANCERA M
28514685,PANCERA M
26098315,ZHANG B,PANCERA M
29311557,PANCERA M
31732167,PANCERA M
30552419,PANCERA M,ZHANG B
29444432,PANCERA M,ZHANG B
21325411,STAMATATOS L,ZHANG B,PANCERA M
27114034,ZHANG B,PANCERA M
25296255,ZHANG B,PANCERA M
25186731,PANCERA M
23708607,PARKS R,ZHANG B,PANCERA M
23661761,PANCERA M
26413851,PANCERA M
26689967,ZHANG B,PANCERA M
19965434,DIMITROV D,PANCERA M
23540694,PANCERA M
26719262,PANCERA M
22623764,PANCERA M
22113616,ZHU J,ZHANG B,PANCERA M
20227370,PANCERA M
28275193,PANCERA M
26468542,PANCERA M
23843642,PANCERA M
23024643,ZHU J,ZHANG B,PANCERA M
23536288,PARKS R,ZHU J,PANCERA M,ZHANG B
25740988,PANCERA M,ZHANG B
16647033,PANCERA M
22696649,PANCERA M
21158699,PANCERA M
25165110,ZHANG B,PANCERA M
20080564,PANCERA M
23431362,ZHU J,PANCERA M
19211747,PANCERA M
23313589,PARKS R,PANCERA M
19535453,PANCERA M
15527849,PANCERA M
21191009,STAMATATOS L,ZHU J,PANCERA M,ZHANG B
12954207,PANCERA M
20538861,ZHU J,PANCERA M
15661147,PANCERA M
17360741,PANCERA M
21795340,ZHU J,ZHANG B,PANCERA M
16014956,PANCERA M
31362783,PHIPPS W
25117957,PHIPPS W
28099188,PHIPPS W
24692069,PHIPPS W,WALD A
31921347,PHIPPS W
21288817,PHIPPS W,COREY L,WALD A
21103057,PHIPPS W,OREM J,COREY L,WALD A
12163861,PHIPPS W
18486089,PHIPPS W,PERGAM S
29290759,PHIPPS W,OREM J
19556925,PHIPPS W
29197389,PINTO-SANTINI D
19914359,PINTO-SANTINI D
17101654,PINTO-SANTINI D
16518391,PINTO-SANTINI D
19801411,PINTO-SANTINI D
26810224,JOHNSTON C,POSAVAD C,WALD A
20164419,COREY L,POSAVAD C,WALD A
21801778,COREY L,POSAVAD C,WALD A
14662877,JEROME K,POSAVAD C
15272395,COREY L,POSAVAD C,WALD A
16699031,POSAVAD C,COREY L
11756979,POSAVAD C,COREY L
12682275,COREY L,POSAVAD C,WALD A
18784341,COREY L,POSAVAD C,WALD A
26041292,POSAVAD C,COREY L
22100157,PRLIC M
28987476,PRLIC M
17433873,PRLIC M
11959508,PRLIC M
31414569,PRLIC M
29356334,PRLIC M
19571872,PRLIC M
16574856,PRLIC M
29618662,PRLIC M
27732840,PRLIC M
17554057,PRLIC M
31801887,PRLIC M
27331143,PRLIC M
23523350,PRLIC M
18946035,PRLIC M
21724993,PRLIC M
26653891,PRLIC M
22396780,PRLIC M
19907075,PRLIC M
16081781,PRLIC M
15334079,PRLIC M
24273000,PRLIC M
28566371,PRLIC M
12695488,PRLIC M
12070294,PRLIC M
24025078,JEROME K,KIEM H,PRLIC M
12885153,PRLIC M
17545279,PRLIC M
16908626,PRLIC M
14634095,PRLIC M
19021916,PARKS R
30285852,FLING S,RAMCHURREN N,CHURCH C
22223854,RANDHAWA A
25078322,RANDHAWA A
23112821,RANDHAWA A
18637079,RANDHAWA A
16034122,RANDHAWA A
21852947,HUGHES J,RANDHAWA A
18662115,RANDHAWA A
23319830,REEVES D
29491180,SCHIFFER J,REEVES D,JOHNSTON C
24610961,REEVES D
26130846,REEVES D
28404854,SCHIFFER J,REEVES D,KIEM H
23896525,REEVES D
24753618,REEVES D
26959493,REEVES D
21473655,REEVES D
26648595,REEVES D
23867287,REEVES D
26504371,REEVES D
27859200,RICHARDSON B
26240864,RICHARDSON B
31777756,ROYCHOUDHURY P
29491155,JEROME K,ROYCHOUDHURY P
28873986,JEROME K,ROYCHOUDHURY P,STONE D
28711653,JEROME K,ROYCHOUDHURY P,JOHNSTON C,WALD A
29281620,JEROME K,REEVES D,ROYCHOUDHURY P,WALD A,SCHIFFER J,JOHNSTON C
20091319,SABO M
22078164,SABO M
31048629,RICHARDSON B,SABO M
31723573,MCCULLOCH D,SABO M
24819658,SABO M
21978790,SABO M
21543495,SABO M
19185086,SCHIFFER J
18456032,SCHIFFER J
29625767,SCHIFFER J
28958807,SCHIFFER J
30381415,SCHIFFER J
28647165,SCHIFFER J
28843576,SCHIFFER J
19857385,SCHIFFER J,COREY L
21352788,SCHIFFER J
19114165,SCHIFFER J
26843190,SCHIFFER J,COREY L,WALD A
23467247,SCHIFFER J,COREY L
22330608,SCHIFFER J
23606943,JEROME K,ZHU J,COREY L,WALD A,SCHIFFER J,JOHNSTON C
25491092,SCHIFFER J,COREY L,WALD A
21791657,SCHIFFER J,COREY L,WALD A
20351622,SCHIFFER J,COREY L,WALD A
21865349,SCHIFFER J,COREY L,WALD A
25375183,SCHIFFER J
20161655,SCHIFFER J,ZHU J,COREY L,WALD A
20956313,SCHIFFER J,ZHU J,COREY L,WALD A
23255792,SCHIFFER J,WALD A
23861664,SCHIFFER J,JEROME K,STONE D
23908652,SCHIFFER J
26265463,SCHIFFER J,JOHNSTON C,KIEM H
24018260,SCHIFFER J,COREY L,WALD A
27285483,SCHIFFER J,COREY L,WALD A
22225814,SCHIFFER J,JOHNSTON C,COREY L,WALD A
16630952,SCHIFFER J
19644142,SCHIFFER J,COREY L,BOECKH M
22125583,SCHIFFER J
12638559,SCHIFFER J
17159657,SCHIFFER J
21383719,SCHIFFER J,COREY L
14553878,SCHIFFER J
30045416,SHAPIRO A
29946517,SHAPIRO A
18056669,SHAPIRO A
15292081,SHAPIRO A
30151410,SHAPIRO A
29847333,SHAPIRO A
29132418,SHAPIRO A
24759741,SHAPIRO A
15550257,SHAPIRO A
29955361,SHAPIRO A
22427532,SHAPIRO A
12160299,SHEN M
15307157,SHEN M
12160301,SHEN M
22737224,SHOLUKH A
25769884,SHOLUKH A
24444350,SHOLUKH A
23775002,SHOLUKH A
21483815,SHOLUKH A
22595693,STAMATATOS L
19525964,STAMATATOS L
25210168,STAMATATOS L
25122781,STAMATATOS L,GRAY M
28895846,KIEM H,STONE D
15500864,STRONG R
22389496,STRONG R
19184458,STRONG R
23046134,STRONG R
29902106,STRONG R
17398114,STRONG R
25988188,STRONG R,STONE D
11955595,STRONG R
28837177,STRONG R
29483648,STRONG R
27796299,STRONG R
24499818,STRONG R
26921372,STRONG R
19237579,STRONG R
29269835,STRONG R
26240330,STRONG R
29523778,STRONG R
17495932,STRONG R
31488506,STRONG R
27649529,STRONG R
21898647,STRONG R
15530354,STRONG R
32647813,STRONG R
28499126,STRONG R
22021856,STRONG R
25254371,STAMATATOS L,STRONG R
21978368,STRONG R
24361577,STRONG R
24442437,STRONG R
20637642,STRONG R
23755875,STRONG R
22928018,STRONG R
23018643,STRONG R
18448674,STRONG R
20581821,LI X,STRONG R
12453413,STRONG R
20826338,STAMATATOS L,STRONG R
27802058,STRONG R
22153502,STRONG R
19531363,LI X,STRONG R
19342674,STRONG R
21262824,STRONG R
26822597,STRONG R
23777559,STRONG R
11825567,STRONG R
24086134,STRONG R
21543501,STAMATATOS L,STRONG R
19053425,STRONG R
16925397,STRONG R
20969873,STAMATATOS L,STRONG R
18155234,STRONG R
15728498,STRONG R
15531878,STRONG R
15642259,STRONG R
14702108,STRONG R
25974133,STRONG R
12453412,STRONG R
22029936,STRONG R
17060628,STRONG R
17690100,STRONG R
14670298,STRONG R
17229709,STRONG R
12679019,STRONG R
20121435,STRONG R
17376081,STRONG R
15670845,STRONG R
21911364,STRONG R
17132740,STRONG R
12411439,STRONG R
25398327,STRONG R
18680288,STRONG R
19171765,STRONG R
15596803,STRONG R
12133964,STRONG R
18698823,STRONG R
19906921,STAMATATOS L,STRONG R
15331587,STRONG R
25753644,TAPLEY A
26014799,TAPLEY A
27798204,TAPLEY A
25910243,TAPLEY A
23554191,TAPLEY A
23286149,TAPLEY A
29735562,LI S,TAPLEY A
25609495,TAPLEY A
17189031,TAPLEY A
29743162,TAPSOBA J
30461557,TAPSOBA J
27060050,TAPSOBA J
29042415,TAPSOBA J
27803047,TAPSOBA J
30954972,TAPSOBA J
24009099,TAPSOBA J
21717494,TAPSOBA J
21524898,TAYLOR J
22920843,TAYLOR J
25692701,TAYLOR J
24385150,TAYLOR J
27292946,TAYLOR J
23071255,TAYLOR J
21310965,TAYLOR J
25636798,TAYLOR J
22370719,TAYLOR J
23794629,TAYLOR J
23663778,TAYLOR J
25346524,TAYLOR J
19349464,TAYLOR J
28526680,TAYLOR J
19380637,TAYLOR J
19258704,TAYLOR J
25712216,TAYLOR J
25888644,TAYLOR J
22018468,TAYLOR J
16670290,TAYLOR J
19568433,VILLARAN M
22398988,VILLARAN M
22616720,VILLARAN M
24119298,VILLARAN M,DE R
19172178,VILLARAN M
24286248,VILLARAN M,DE R
29191814,VILLARAN M
28468648,VILLARAN M
29790481,LUND J,WAGHMARE A
12702868,WAGHMARE A
30537551,JEROME K,LUND J,WAGHMARE A,BOECKH M
30009982,JEROME K,LUND J,WAGHMARE A,BOECKH M
28329354,JEROME K,LUND J,WAGHMARE A,BOECKH M
21694635,WAGHMARE A
26185620,LUND J,WAGHMARE A,BOECKH M
18332631,WAGHMARE A
25593338,JEROME K,PERGAM S,WAGHMARE A,LUND J,BOECKH M
24065324,JEROME K,LUND J,WAGHMARE A,BOECKH M
18156035,WALD A
14702423,COREY L,WALD A
26143613,JOHNSTON C,WALD A
22133885,JOHNSTON C,WALD A
12230757,WALD A
12603958,WALD A
16199646,COREY L,WALD A
29602567,WALD A
21348128,COREY L,WALD A
26973067,JOHNSTON C,WALD A
19797284,COREY L,WALD A
14598816,WALD A
25734115,WALD A
11787083,COREY L,WALD A
21903980,JOHNSTON C,WALD A
16556084,WALD A
28838145,COREY L,WALD A
15356938,WALD A
11916494,WALD A
16646574,WALD A
24428466,JOHNSTON C,COREY L,WALD A
19965953,WALD A
18157061,WALD A
15319082,WALD A
15021308,COREY L,WALD A
12721930,COREY L,WALD A
15225092,WALD A
27683204,WALD A
28726613,LUND J,WALD A
24016811,JOHNSTON C,WALD A
30578684,JOHNSTON C,WALD A
12520653,WALD A
19794045,LUND J,TAYLOR J,WALD A
28405628,WALD A
29186468,WALD A
28663436,ZHU J,COREY L,WALD A
30785418,WALD A
31103365,WALD A
25138337,WALD A
23733099,WALD A
31150396,WALD A
21527986,COREY L,WALD A
21367722,STRONG R,WALD A
18471083,JOHNSTON C,COREY L,WALD A
25784732,JOHNSTON C,WALD A
22216840,WALD A
28329211,WALD A
23684816,LUND J,WALD A
22504606,WALD A
15960904,WALD A
28198789,WALD A
31764767,JOHNSTON C,WALD A
24698158,COREY L,WALD A
23827788,WALD A
29175899,COREY L,WALD A
27423190,WALD A
30611192,WALD A
26562701,WALD A
12353185,COREY L,WALD A
25653453,MCELRATH J,WARREN E,WALD A
25142599,WALD A
19265731,COREY L,WALD A
21945262,WALD A
27513383,JEROME K,WALD A
27835628,JOHNSTON C,COREY L,WALD A
29535370,WALD A
30148758,JOHNSTON C,WALD A
29308404,WALD A
20205254,OREM J,COREY L,WALD A
20415535,LUND J,WALD A
21844739,JOHNSTON C,COREY L,WALD A
17538513,WALD A
19597073,WALD A
30977845,WALD A
12599054,WALD A,COREY L,BOECKH M
21486977,JOHNSTON C,COREY L,WALD A
21668660,LUND J,WALD A
19807272,JEROME K,COREY L,WALD A
21837785,COREY L,WALD A
24709264,WALD A
20088691,JOHNSTON C,COREY L,WALD A
20616743,COREY L,WALD A
18783315,COREY L,WALD A
12353203,WALD A
22693233,COREY L,WALD A
22351940,WALD A
30305383,JEROME K,WALD A
17471113,WALD A
12567178,COREY L,WALD A
20214474,COREY L,HUGHES J,WALD A
23852679,BOECKH M,WALD A
26619423,WALD A
27853144,WALD A
19793807,ZHU J,COREY L,WALD A
21148504,COREY L,WALD A
30297124,WALD A
21282194,WALD A
18461621,WALD A
20439588,BOECKH M,LUND J,COREY L,WALD A
29982727,WALD A,ZHANG B
28876290,JEROME K,JOHNSTON C,WALD A
26109729,WALD A
23780621,WALD A
18055733,WALD A
11880955,COREY L,WALD A
16804851,WALD A
15728809,COREY L,WALD A
12089286,JEROME K,COREY L,WALD A
26479109,WALD A
22214845,WALD A
22683614,BOECKH M,PERGAM S,COREY L,WALD A
14566059,COREY L,WALD A
11756980,WALD A
18685544,WALD A
17152006,COREY L,WALD A
21350364,OREM J,WALD A
19169140,COREY L,WALD A
17475687,COREY L,WALD A
12189248,JOHNSON A,COREY L,WALD A
22701683,RICHARDSON B,WALD A
22147786,RICHARDSON B,WALD A
17464578,COREY L,BROWN E,WALD A
14513421,HILL J,WALD A
16953017,COREY L,WALD A
18491970,COREY L,WALD A
18444883,BOECKH M,WALD A
18362859,WALD A
19156206,COREY L,JOHNSTON C,OREM J,WALD A
27930501,WALD A
17012458,COREY L,WALD A
16287791,COREY L,WALD A
27997653,JOHNSTON C,COREY L,WALD A
24463682,WALD A
17624834,WALD A
16813750,COREY L,BROWN E,WALD A
11920325,COREY L,WALD A
26110169,WALD A
11880960,COREY L,WALD A
20502292,COREY L,WALD A
20410080,WALD A
15378428,COREY L,WALD A
12354890,COREY L,WALD A
18928378,COREY L,WALD A
16325589,COREY L,WALD A
23940557,WALD A
22509337,RICHARDSON B,WALD A
23087395,WALD A
22275399,JOHNSTON C,WALD A
16845624,COREY L,WALD A
16825377,COREY L,WALD A
22811543,ZHU J,COREY L,WALD A
22022413,COREY L,WALD A
18008226,WALD A
18493617,COREY L,WALD A
16741881,WALD A
15609235,WALD A
23542637,JOHNSTON C,COREY L,WALD A
15076237,COREY L,WALD A
22564958,WALD A
17397003,COREY L,WALD A
23130818,WALD A
22782949,WALD A
22537984,WALD A
16597901,WALD A,LIU C
14615380,COREY L,WALD A
14646636,WALD A
20350162,BOECKH M,LUND J,COREY L,WALD A
21693182,WALD A
12972795,COREY L,WALD A
15205670,WALD A,COREY L,BOECKH M
20702659,JONES D,WALD A
18845046,WALD A
16055574,COREY L,WALD A
16540883,COREY L,WALD A
20633748,WALD A
15073684,RICHARDSON B,COREY L,WALD A
18353920,WALD A
17570114,BOECKH M,COREY L,WALD A
17921912,COREY L,WALD A
18453853,WALD A
19404392,GRAY G,COREY L,WALD A
12955647,WALD A
12671550,WALD A
22504602,WALD A
15902702,COREY L,WALD A
20085679,COREY L,WALD A
16458638,WALD A
16107966,COREY L,WALD A
14593592,COREY L,WALD A
18572080,COREY L,HUGHES J,WALD A
17515400,BOECKH M,COREY L,WALD A
18008230,COREY L,WALD A
12517231,COREY L,WALD A
16314775,WALD A
20649426,HUGHES J,WALD A
16677855,WALD A
16213066,COREY L,WALD A
18685548,WALD A
26473030,PERGAM S,WALD A
19827950,COREY L,WALD A
16733000,WALD A
17267842,COREY L,WALD A
17630545,RICHARDSON B,WALD A
15273585,WALD A
25642120,WALLACE S
30990414,WALTER M
27841881,WALTER M
26109049,WALTER M
26814573,WALTER M
23561645,WALTER M
21195308,WARREN E
27416962,WARREN E
22226099,WARREN E
16399578,WARREN E
21417772,WARREN E
20827186,WARREN E
12818225,WARREN E
23656731,WARREN E,HOU J
30541882,WARREN E
27872059,WARREN E
31570697,WARREN E
27213183,WARREN E,HOU J
18299450,WARREN E
23851683,WARREN E
23741009,WARREN E
31686124,WARREN E
29716921,WARREN E
22306901,WARREN E,HOU J
28366756,WARREN E
20203263,WARREN E
24278200,WARREN E,HOU J
19671548,WARREN E
23086621,WARREN E
12743171,WARREN E
19935662,WARREN E,ZHANG B
21633087,WARREN E
19706884,WARREN E
16960008,WARREN E
20035823,WARREN E
21440078,WARREN E
28126963,WARREN E
25317334,WARREN E
30948330,WARREN E
25766725,WARREN E
19470693,WARREN E,KIEM H
22529286,WARREN E
19147077,WARREN E,BOECKH M
19539218,WARREN E
20071660,WARREN E
20152921,WARREN E
17496542,WARREN E
22892449,WARREN E,HOU J
19567591,WARREN E
21232624,WARREN E
16391015,WARREN E
15557202,WARREN E
18698046,WARREN E,HOU J
14616971,WARREN E
16282341,WARREN E
12969970,WARREN E
15585611,WARREN E
21546465,WARREN E
25133119,LIM Y
28391667,LIM Y
26970520,LIM Y
30786704,LIM Y
25368741,LIM Y
24659864,LIM Y
25421245,LIM Y
22866254,LIM Y
26855917,LIM Y
26880904,LIM Y
22815010,LIM Y
25168047,LIM Y
19682191,LIM Y
30078305,LIM Y
24159330,LIM Y
24659865,LIM Y
25071895,LIM Y
25674525,LIM Y
23767038,LIM Y
24340256,LIM Y
23170162,LIM Y
27160901,LI L
31028412,LIM Y
30508880,LIM Y
17401599,LIM Y
28913188,LIM Y
31276617,HOU J,LIM Y
27896201,LIM Y
31701704,LIM Y
30937514,LIM Y
31332483,LIM Y
26131004,LIM Y
31257827,LIM Y
29327383,LIM Y
29181783,LIM Y
32296565,LIM Y
26586349,LIM Y
28687946,LIM Y
28922693,LIM Y
22965077,LIM Y
30249560,LIM Y
23964330,LIM Y
22537719,LIM Y
25374501,LIM Y
31446477,LIM Y
31570960,LIM Y
28852850,LIM Y
29943561,LIM Y
25319028,LIM Y
23689247,LIM Y
23178373,LIM Y
22233171,LIM Y
23105064,LIM Y
22962532,LIM Y
25907763,LIM Y
25257648,LIM Y
31044751,LIM Y
31053905,LIM Y
21369995,LIM Y
25456009,LIM Y
27889847,LIM Y
30594072,LIM Y
25716948,LIM Y
31350572,LIM Y
25327495,LIM Y
22186232,LIM Y
23649335,LIM Y
24942606,LIM Y
25531232,LI X,LIM Y
24339709,LIM Y
20162351,LIM Y
22879719,LIM Y
24323183,LIM Y
24278589,LIM Y
20198209,LIM Y
23250763,LIM Y
25583325,LIM Y
27071620,LIM Y
21199096,LIM Y
31214821,LIM Y
22715835,LIM Y
20044484,LIM Y
31076988,LIM Y
23467706,LIM Y
23423874,LIM Y
30625707,LIM Y
30625887,LIM Y
24158551,LIM Y
25073670,LIM Y
23225813,LIM Y
22788810,LIM Y
21401892,LIM Y
21609163,LIM Y
15053038,LIM Y
21747613,LIM Y
23877211,LIM Y
20594222,LIM Y
30898813,LIM Y
24493093,LIM Y
30142971,LIM Y
24367089,LIM Y
21103036,LIM Y
19422480,LIM Y
20095908,LIM Y
17326241,LIM Y
24459284,LIM Y
21537835,LIM Y
22363154,LIM Y
25473079,LIM Y
16688806,LIM Y
25098730,LIM Y
17531410,LIM Y
21860565,LIM Y
20465650,LIM Y
18486611,LIM Y
17684126,LIM Y
21286454,LIM Y
20703463,LIM Y
25326115,LIM Y
32595312,LIM Y
30511823,LIM Y
23508985,LIM Y
23263257,LIM Y
25642244,LIM Y
27840367,LIM Y
23177210,LIM Y
28609815,LIM Y
24665423,LIM Y
19116445,LIM Y,HUANG T
20482724,LIM Y
17137522,LIM Y
19578495,LIM Y
12184537,LIM Y
25673929,LIM Y
17086460,LIM Y
19690644,HILL J,LIM Y
28584799,LIM Y
26473123,LIM Y
22916440,LIM Y
23051744,LIM Y
23708782,LIM Y
17109992,LIM Y
12353499,LIM Y
18033728,LIM Y
22907267,LIM Y
25048483,LIM Y
27112245,LIM Y
16713444,LIM Y
21553141,LIM Y
23115686,LIM Y
23741577,LIM Y
15663953,LIM Y
15788106,LIM Y
15234472,LIM Y
25901264,LIM Y
20652001,LIM Y
22474550,LIM Y
23372889,LIM Y
28416995,LIM Y
15984933,LIM Y
15053037,LIM Y
25893278,LIM Y
16264267,LIM Y
25938805,LIM Y
15665575,LIM Y
16479058,LIM Y
16429432,LIM Y
20352815,LIM Y
15329516,LIM Y
28122949,ZAMORA D,CHURCH C
28137807,ZAMORA D
24828531,ZEPEDA-RIVERA M
29555703,ZEPEDA-RIVERA M
28949977,ZEPEDA-RIVERA M
24379357,ZEPEDA-RIVERA M
22911626,ZEPEDA-RIVERA M
24403859,ZHANG B
30814668,ZHU J,COREY L
26073660,ZHU J,COREY L
26986062,ZHU J,COREY L
20158906,ZHU J,COREY L
27117511,ZHU J,JOHNSTON C,COREY L
21422474,ZHU J,COREY L
18057251,ZHU J,COREY L
31693010,ZHU Y
29678799,ZHU Y
21956511,MOODIE Z
21270166,MOODIE Z
20147397,MOODIE Z
22629447,MOODIE Z
17126963,MOODIE Z
12477888,MOODIE Z
14610198,HUANG Y,MOODIE Z
23760253,MOODIE Z
17109336,MOODIE Z
16988008,MOODIE Z
17109335,MOODIE Z
